Timestamp,Temp,IAQ,Volume,Hum,VOC,Arbeitsplatz_besetzt,Fenster_offen,Regen
"31.7.2025, 12:33:04",23.49,79.36,58.86,42.74,0.97,1,0,0
"31.7.2025, 12:33:08",23.48,79.51,58.84,42.76,0.98,1,0,0
"31.7.2025, 12:33:12",23.5,79.53,58.83,42.73,0.98,1,0,0
"31.7.2025, 12:33:36",23.52,78.34,58.91,42.86,0.95,1,1,1
"31.7.2025, 12:33:40",23.51,78.6,58.69,42.91,0.96,1,1,1
"31.7.2025, 12:33:44",23.51,78.31,58.4,42.94,0.95,1,1,1
"31.7.2025, 12:33:48",23.51,78.45,58.18,42.92,0.95,1,1,1
"31.7.2025, 12:33:52",23.49,78.63,57.92,42.95,0.96,1,1,1
"31.7.2025, 12:33:56",23.49,78.96,57.65,42.95,0.96,1,1,1
"31.7.2025, 12:34:00",23.5,78.78,57.31,42.93,0.96,1,1,1
"31.7.2025, 12:34:04",23.48,78.32,57.02,42.97,0.95,1,1,1
"31.7.2025, 12:34:08",23.48,78.6,56.69,43.03,0.96,1,1,1
"31.7.2025, 12:34:12",23.47,78.32,56.54,43.02,0.95,1,1,1
"31.7.2025, 12:34:16",23.47,78.6,56.47,43.02,0.96,1,1,1
"31.7.2025, 12:34:20",23.46,78.87,56.14,43.08,0.96,1,1,1
"31.7.2025, 12:34:24",23.46,79.26,55.88,43.12,0.97,1,1,1
"31.7.2025, 12:34:28",23.46,78.86,55.49,43.12,0.96,1,1,1
"31.7.2025, 12:34:32",23.45,79.22,55.2,43.16,0.97,1,1,1
"31.7.2025, 12:34:36",23.44,79.52,54.89,43.16,0.98,1,1,1
"31.7.2025, 12:34:40",23.43,79.25,54.57,43.17,0.97,1,1,1
"31.7.2025, 12:34:44",23.43,78.96,54.52,43.25,0.96,1,1,1
"31.7.2025, 12:34:48",23.42,79.05,55.19,43.29,0.97,1,1,1
"31.7.2025, 12:34:52",23.32,78.75,55.83,43.78,0.96,1,1,1
"31.7.2025, 12:34:56",23.11,76.33,56.67,45.78,0.91,1,1,1
"31.7.2025, 12:35:00",22.94,74.61,57.21,46.71,0.87,1,1,1
"31.7.2025, 12:35:04",22.85,73.13,57.64,47.35,0.84,1,1,1
"31.7.2025, 12:35:08",22.85,71.11,57.93,47.65,0.81,1,1,1
"31.7.2025, 12:35:12",22.78,70.65,58.47,47.75,0.8,1,1,1
"31.7.2025, 12:35:16",22.58,69.6,58.54,48.36,0.78,1,1,1
"31.7.2025, 12:35:20",22.51,69.1,58.87,48.6,0.77,1,1,1
"31.7.2025, 12:35:24",22.38,69,58.95,48.76,0.77,1,1,1
"31.7.2025, 12:35:28",22.34,69.33,59.39,48.71,0.78,1,1,1
"31.7.2025, 12:35:32",22.14,68.72,59.98,49.12,0.76,1,1,1
"31.7.2025, 12:35:36",21.93,67.07,60.38,49.78,0.74,1,1,1
"31.7.2025, 12:35:40",21.93,66.16,60.92,49.75,0.72,1,1,1
"31.7.2025, 12:35:44",21.74,65.61,61.62,50.1,0.71,1,1,1
"31.7.2025, 12:35:48",21.63,65.55,61.92,50.53,0.71,1,1,1
"31.7.2025, 12:35:52",21.59,65.6,62.57,50.64,0.71,1,1,1
"31.7.2025, 12:35:56",21.34,65.28,63.33,51.04,0.71,1,1,1
"31.7.2025, 12:36:00",21.31,66.34,63.51,51.33,0.72,1,1,1
"31.7.2025, 12:36:04",21.25,67,63.49,50.97,0.74,1,1,1
"31.7.2025, 12:36:08",21.1,67.34,63.45,49.97,0.74,1,1,1
"31.7.2025, 12:36:12",21.02,68.3,63.36,49.61,0.76,1,1,1
"31.7.2025, 12:36:16",20.9,68.77,63.13,49.16,0.77,1,1,1
"31.7.2025, 12:36:20",20.83,65.81,63.07,49,0.72,0,1,1
"31.7.2025, 12:36:52",20.4,68.76,60.56,48.78,0.77,0,1,1
"31.7.2025, 12:36:56",20.36,69.24,59.51,48.84,0.77,0,1,1
"31.7.2025, 12:37:00",20.34,69.46,58.47,48.83,0.78,0,1,1
"31.7.2025, 12:37:04",20.29,70.26,57.77,48.88,0.79,0,1,1
"31.7.2025, 12:37:08",20.27,70.78,57,48.87,0.8,0,1,1
"31.7.2025, 12:37:12",20.26,71.01,56.15,48.91,0.81,0,1,1
"31.7.2025, 12:37:16",20.24,71.5,55.67,48.88,0.81,0,1,1
"31.7.2025, 12:37:20",20.24,71.78,54.98,48.85,0.82,0,1,1
"31.7.2025, 12:37:24",20.23,72.33,54.36,48.86,0.83,0,1,1
"31.7.2025, 12:37:28",20.25,72.74,53.45,48.88,0.84,0,1,1
"31.7.2025, 12:37:32",20.23,73.14,52.59,48.97,0.84,0,1,1
"31.7.2025, 12:37:36",20.24,73.49,51.95,48.97,0.85,0,1,1
"31.7.2025, 12:37:40",20.22,73.95,51.29,48.96,0.86,0,1,1
"31.7.2025, 12:37:44",20.19,73.79,50.47,48.99,0.86,0,1,1
"31.7.2025, 12:37:48",20.17,74.01,50.19,49.07,0.86,0,1,1
"31.7.2025, 12:37:52",20.12,74.06,49.24,49.19,0.86,0,1,1
"31.7.2025, 12:37:56",20.12,74.91,48.57,49.22,0.88,0,1,1
"31.7.2025, 12:38:00",20.1,74.81,48.46,49.24,0.88,0,1,1
"31.7.2025, 12:38:04",20.07,75.24,48.42,49.43,0.89,0,1,1
"31.7.2025, 12:38:08",20.06,75.16,48.36,49.54,0.88,0,1,1
"31.7.2025, 12:38:12",20.05,75.03,48.32,49.63,0.88,0,1,1
"31.7.2025, 12:38:16",20.02,75.06,48.27,49.65,0.88,0,1,1
"31.7.2025, 12:38:20",20.02,74.74,48.21,49.66,0.88,0,1,1
"31.7.2025, 12:38:24",20.01,75.22,48.2,49.7,0.89,0,1,1
"31.7.2025, 12:40:33",20.14,76.04,46.8,49.24,0.9,0,0,0
"31.7.2025, 12:40:37",20.16,76.68,46.78,49.22,0.92,0,0,0
"31.7.2025, 12:40:41",20.17,76.84,46.83,49.2,0.92,1,0,0
"31.7.2025, 12:40:45",20.17,77.11,46.91,49.2,0.92,1,0,0
"31.7.2025, 12:40:49",20.2,76.97,46.88,49.12,0.92,1,0,0
"31.7.2025, 12:40:53",20.21,77,46.84,49.1,0.92,1,0,0
"31.7.2025, 12:40:57",20.21,77.1,47.03,49.1,0.92,1,0,0
"31.7.2025, 12:41:01",20.24,77.33,47.14,49.07,0.93,1,0,0
"31.7.2025, 12:41:05",20.24,77.21,47.37,49.06,0.93,1,0,0
"31.7.2025, 12:41:09",20.25,77.12,47.68,49.05,0.92,1,0,0
"31.7.2025, 12:41:13",20.27,77.44,47.72,49.01,0.93,1,0,0
"31.7.2025, 12:41:17",20.28,77.4,48,49.01,0.93,1,0,0
"31.7.2025, 12:41:21",20.29,77.28,48.07,49,0.93,1,0,0
"31.7.2025, 12:41:25",20.31,77.22,48.24,49.02,0.93,1,0,0
"31.7.2025, 12:41:29",20.32,77.35,48.39,48.99,0.93,1,0,0
"31.7.2025, 12:41:33",20.32,77.58,48.46,49.01,0.93,1,0,0
"31.7.2025, 12:41:37",20.34,77.57,48.56,49.01,0.93,1,0,0
"31.7.2025, 12:41:41",20.36,77.49,48.69,49,0.93,1,0,0
"31.7.2025, 12:43:21",20.67,78.86,49.77,48.74,0.96,1,0,0
"31.7.2025, 12:43:25",20.69,79.05,49.86,48.67,0.97,1,0,0
"31.7.2025, 12:43:29",20.69,79.07,49.95,48.68,0.97,1,0,0
"31.7.2025, 12:43:33",20.71,79.24,50.1,48.66,0.97,1,0,0
"31.7.2025, 12:43:37",20.72,79.29,50.16,48.65,0.97,1,0,0
"31.7.2025, 12:43:41",20.73,79.29,50.2,48.65,0.97,1,0,0
"31.7.2025, 12:43:45",20.75,78.96,50.13,48.67,0.96,1,0,0
"31.7.2025, 12:43:49",20.76,79.07,50.21,48.62,0.97,1,0,0
"31.7.2025, 12:43:53",20.77,79.28,50.27,48.61,0.97,1,0,0
"31.7.2025, 12:43:57",20.78,79.66,50.38,48.59,0.98,1,0,0
"31.7.2025, 12:44:01",20.78,79.54,50.52,48.6,0.98,1,0,0
"31.7.2025, 12:44:05",20.8,79.59,50.55,48.59,0.98,1,0,0
"31.7.2025, 12:44:09",20.82,79.54,50.66,48.57,0.98,1,0,0
"31.7.2025, 12:44:13",20.82,79.84,50.69,48.56,0.98,1,0,0
"31.7.2025, 12:47:17",21.32,75.96,47.77,48.07,0.9,1,0,0
"31.7.2025, 12:47:21",21.33,75.66,47.71,48.05,0.89,1,0,0
"31.7.2025, 12:47:25",21.33,75.6,47.68,48.06,0.89,1,0,0
"31.7.2025, 12:47:29",21.35,74.64,47.62,48.04,0.87,1,0,0
"31.7.2025, 12:47:33",21.35,74.75,47.63,48.01,0.88,1,0,0
"31.7.2025, 12:47:37",21.36,74.4,47.59,48.01,0.87,1,0,0
"31.7.2025, 12:47:41",21.38,74.71,47.51,48.01,0.88,1,0,0
"31.7.2025, 12:47:45",21.39,74.64,47.49,48,0.87,1,0,0
"31.7.2025, 12:47:49",21.39,74.56,47.39,47.99,0.87,1,0,0
"31.7.2025, 12:47:53",21.4,74.37,47.33,47.99,0.87,1,0,0
"31.7.2025, 12:47:57",21.42,74.32,47.24,47.96,0.87,1,0,0
"31.7.2025, 12:48:01",21.42,74.5,47.18,47.99,0.87,1,0,0
"31.7.2025, 12:48:05",21.43,74.47,47.13,47.96,0.87,1,0,0
"31.7.2025, 12:48:09",21.44,74.89,47.11,47.94,0.88,1,0,0
"31.7.2025, 12:48:13",21.45,74.82,47.15,47.94,0.88,1,0,0
"31.7.2025, 12:48:17",21.46,74.61,47.18,47.95,0.87,1,0,0
"31.7.2025, 12:48:21",21.47,74.9,47.29,47.89,0.88,1,0,0
"31.7.2025, 12:48:25",21.47,75,47.4,47.92,0.88,1,0,0
"31.7.2025, 12:48:29",21.48,74.65,47.47,47.87,0.87,1,0,0
"31.7.2025, 12:48:33",21.49,74.69,47.55,47.9,0.88,1,0,0
"31.7.2025, 12:48:38",21.5,74.28,47.56,47.89,0.87,1,0,0
"31.7.2025, 12:48:42",21.51,74.18,47.6,47.84,0.87,1,0,0
"31.7.2025, 12:48:46",21.52,74.05,47.52,47.83,0.86,1,0,0
"31.7.2025, 12:48:50",21.52,73.44,47.5,47.85,0.85,1,0,0
"31.7.2025, 12:48:54",21.54,73.9,47.53,47.79,0.86,1,0,0
"31.7.2025, 12:48:58",21.54,74.36,47.62,47.82,0.87,1,0,0
"31.7.2025, 13:18:21",22.65,77.33,47.86,46.44,0.93,1,0,0
"31.7.2025, 13:18:25",22.65,77.49,47.77,46.47,0.93,1,0,0
"31.7.2025, 13:18:29",22.66,77.57,47.7,46.43,0.93,1,0,0
"31.7.2025, 13:18:33",22.66,77.55,47.72,46.45,0.93,1,0,0
"31.7.2025, 13:18:37",22.65,77.3,47.75,46.47,0.93,1,0,0
"31.7.2025, 13:18:41",22.66,77.43,47.9,46.45,0.93,1,0,0
"31.7.2025, 13:18:45",22.66,77.59,47.88,46.48,0.93,1,0,0
"31.7.2025, 13:18:49",22.66,77.77,47.82,46.46,0.94,1,0,0
"31.7.2025, 13:18:53",22.67,77.79,47.79,46.47,0.94,1,0,0
"31.7.2025, 13:18:57",22.67,77.8,47.78,46.48,0.94,1,0,0
"31.7.2025, 13:19:01",22.67,78.03,47.85,46.47,0.94,1,0,0
"31.7.2025, 13:19:05",22.67,77.84,47.82,46.47,0.94,1,0,0
"31.7.2025, 13:19:09",22.66,77.49,47.83,46.48,0.93,1,0,0
"31.7.2025, 13:19:13",22.67,77.96,47.95,46.45,0.94,1,0,0
"31.7.2025, 13:19:17",22.68,77.95,47.85,46.44,0.94,1,0,0
"31.7.2025, 13:19:21",22.67,77.86,47.95,46.47,0.94,1,0,0
"31.7.2025, 13:19:25",22.67,77.72,47.8,46.48,0.94,1,0,0
"31.7.2025, 13:19:29",22.68,77.77,47.79,46.45,0.94,1,0,0
"31.7.2025, 13:19:33",22.67,77.63,47.74,46.49,0.94,1,0,0
"31.7.2025, 13:19:37",22.69,77.45,47.8,46.43,0.93,1,0,0
"31.7.2025, 13:19:41",22.69,76.83,47.75,46.44,0.92,1,0,0
"31.7.2025, 13:19:45",22.69,76.64,47.76,46.43,0.91,1,0,0
"31.7.2025, 13:19:49",22.69,77.06,47.67,46.44,0.92,1,0,0
"31.7.2025, 13:19:53",22.69,77.2,47.65,46.44,0.93,1,0,0
"31.7.2025, 13:19:57",22.7,77.19,47.67,46.43,0.93,1,0,0
"31.7.2025, 13:20:01",22.7,77.34,47.56,46.46,0.93,1,0,0
"31.7.2025, 13:20:05",22.7,77.05,47.49,46.42,0.92,1,0,0
"31.7.2025, 13:20:09",22.7,77.06,47.29,46.44,0.92,1,0,0
"31.7.2025, 13:20:13",22.71,77.07,47.27,46.39,0.92,1,0,0
"31.7.2025, 13:20:17",22.71,77.31,47.25,46.43,0.93,1,0,0
"31.7.2025, 13:20:21",22.71,77.38,47.24,46.45,0.93,1,0,0
"31.7.2025, 13:20:25",22.7,77.5,47.17,46.46,0.93,1,0,0
"31.7.2025, 13:20:29",22.71,77.74,47.24,46.43,0.94,1,0,0
"31.7.2025, 13:20:33",22.71,77.82,47.29,46.42,0.94,1,0,0
"31.7.2025, 13:20:37",22.71,77.7,47.43,46.45,0.94,1,0,0
"31.7.2025, 13:20:41",22.71,77.93,47.54,46.43,0.94,1,0,0
"31.7.2025, 13:20:45",22.72,78.16,47.67,46.42,0.95,1,0,0
"31.7.2025, 13:20:49",22.72,77.84,47.78,46.43,0.94,1,0,0
"31.7.2025, 13:20:53",22.72,77.74,47.92,46.42,0.94,1,0,0
"31.7.2025, 13:20:57",22.72,77.62,48.39,46.43,0.94,1,0,0
"31.7.2025, 13:21:01",22.73,77.84,48.61,46.44,0.94,1,0,0
"31.7.2025, 13:21:05",22.72,78.03,48.72,46.42,0.94,1,0,0
"31.7.2025, 13:21:09",22.73,77.8,48.99,46.4,0.94,1,0,0
"31.7.2025, 13:21:13",22.74,77.94,49.3,46.41,0.94,1,0,0
"31.7.2025, 13:21:17",22.74,77.63,49.67,46.41,0.94,1,0,0
"31.7.2025, 13:21:21",22.74,77.57,49.9,46.42,0.93,1,0,0
"31.7.2025, 13:21:25",22.74,77.52,50.21,46.42,0.93,1,0,0
"31.7.2025, 13:21:29",22.74,77.41,50.7,46.41,0.93,1,0,0
"31.7.2025, 13:21:33",22.75,77.4,51.01,46.41,0.93,1,0,0
"31.7.2025, 13:21:37",22.75,77.47,51.14,46.41,0.93,1,0,0
"31.7.2025, 13:21:41",22.75,77.5,51.21,46.4,0.93,1,0,0
"31.7.2025, 13:21:45",22.75,77.45,51.32,46.39,0.93,1,0,0
"31.7.2025, 13:21:49",22.76,77.79,51.39,46.39,0.94,1,0,0
"31.7.2025, 13:21:53",22.75,77.79,51.58,46.38,0.94,1,0,0
"31.7.2025, 13:21:57",22.76,77.71,51.91,46.38,0.94,1,0,0
"31.7.2025, 13:22:01",22.76,77.64,52.2,46.38,0.94,1,0,0
"31.7.2025, 13:22:05",22.77,77.59,52.37,46.36,0.93,1,0,0
"31.7.2025, 13:22:10",22.77,77.7,52.5,46.36,0.94,1,0,0
"31.7.2025, 13:22:14",22.77,77.78,52.67,46.35,0.94,1,0,0
"31.7.2025, 13:22:18",22.78,77.51,52.98,46.34,0.93,1,0,0
"31.7.2025, 13:22:22",22.77,77.96,53.33,46.35,0.94,1,0,0
"31.7.2025, 13:22:26",22.78,77.68,53.5,46.33,0.94,1,0,0
"31.7.2025, 13:22:30",22.78,77.97,53.69,46.36,0.94,1,0,0
"31.7.2025, 13:22:34",22.79,77.93,53.79,46.32,0.94,1,0,0
"31.7.2025, 13:22:38",22.79,77.8,53.7,46.32,0.94,1,0,0
"31.7.2025, 13:22:42",22.8,77.87,53.9,46.32,0.94,1,0,0
"31.7.2025, 13:22:46",22.8,78.17,54.07,46.3,0.95,1,0,0
"31.7.2025, 13:22:50",22.8,78.33,54.25,46.3,0.95,1,0,0
"31.7.2025, 13:22:54",22.8,78.07,54.42,46.3,0.94,1,0,0
"31.7.2025, 13:22:58",22.8,78.13,54.37,46.3,0.95,1,0,0
"31.7.2025, 13:23:02",22.81,77.73,54.78,46.3,0.94,1,0,0
"31.7.2025, 13:23:06",22.81,77.73,54.92,46.3,0.94,1,0,0
"31.7.2025, 13:23:10",22.81,77.7,54.88,46.35,0.94,1,0,0
"31.7.2025, 13:23:14",22.82,77.8,54.5,46.33,0.94,1,0,0
"31.7.2025, 13:23:18",22.82,78.05,54.15,46.3,0.94,1,0,0
"31.7.2025, 13:23:22",22.82,78.13,53.92,46.33,0.95,1,0,0
"31.7.2025, 13:23:26",22.82,77.93,53.56,46.35,0.94,1,0,0
"31.7.2025, 13:23:30",22.82,78.12,53.33,46.32,0.95,1,0,0
"31.7.2025, 13:23:34",22.83,78.16,53.12,46.3,0.95,1,0,0
"31.7.2025, 13:23:38",22.83,78.48,52.95,46.32,0.95,1,0,0
"31.7.2025, 13:23:42",22.83,78.31,52.94,46.31,0.95,1,0,0
"31.7.2025, 13:23:46",22.83,78.43,52.78,46.31,0.95,1,0,0
"31.7.2025, 13:23:50",22.84,78.34,52.88,46.32,0.95,1,0,0
"31.7.2025, 13:23:54",22.84,78.65,52.68,46.34,0.96,1,0,0
"31.7.2025, 13:23:58",22.84,78.3,52.25,46.37,0.95,1,0,0
"31.7.2025, 13:24:02",22.84,78.41,52.05,46.37,0.95,1,0,0
"31.7.2025, 13:24:06",22.85,78.5,51.95,46.36,0.95,1,0,0
"31.7.2025, 13:24:10",22.85,78.55,51.93,46.34,0.96,1,0,0
"31.7.2025, 13:24:14",22.85,78.95,51.66,46.37,0.96,1,0,0
"31.7.2025, 13:24:18",22.86,78.83,51.43,46.36,0.96,1,0,0
"31.7.2025, 13:24:22",22.86,78.81,51.22,46.39,0.96,1,0,0
"31.7.2025, 13:24:26",22.86,78.87,51.13,46.37,0.96,1,0,0
"31.7.2025, 13:24:30",22.87,79.12,50.9,46.34,0.97,1,0,0
"31.7.2025, 13:24:34",22.87,78.91,50.8,46.38,0.96,1,0,0
"31.7.2025, 13:24:38",22.87,78.88,50.6,46.38,0.96,1,0,0
"31.7.2025, 13:24:42",22.87,79.01,50.43,46.36,0.97,1,0,0
"31.7.2025, 13:24:46",22.87,79.2,50.02,46.38,0.97,1,0,0
"31.7.2025, 13:24:50",22.89,79.04,49.8,46.36,0.97,1,0,0
"31.7.2025, 13:24:54",22.88,79.07,49.48,46.39,0.97,1,0,0
"31.7.2025, 13:24:58",22.89,78.78,49.11,46.37,0.96,1,0,0
"31.7.2025, 13:25:02",22.89,78.86,48.61,46.37,0.96,1,0,0
"31.7.2025, 13:25:06",22.89,78.98,48.47,46.37,0.96,1,0,0
"31.7.2025, 13:25:10",22.9,79.17,48.28,46.36,0.97,1,0,0
"31.7.2025, 13:25:14",22.91,79.23,48.3,46.38,0.97,1,0,0
"31.7.2025, 13:25:18",22.9,79.2,48.28,46.36,0.97,1,0,0
"31.7.2025, 13:25:22",22.91,79.26,48.31,46.35,0.97,1,0,0
"31.7.2025, 13:25:26",22.9,79.04,48.32,46.35,0.97,1,0,0
"31.7.2025, 13:25:30",22.92,79.02,48.22,46.37,0.97,1,0,0
"31.7.2025, 13:25:34",22.91,79.24,48.11,46.37,0.97,1,0,0
"31.7.2025, 13:25:38",22.91,79.22,48.12,46.38,0.97,1,0,0
"31.7.2025, 13:25:42",22.92,79.28,48.03,46.33,0.97,1,0,0
"31.7.2025, 13:25:46",22.93,79.3,47.91,46.29,0.97,1,0,0
"31.7.2025, 13:25:50",22.93,79.24,47.71,46.28,0.97,1,0,0
"31.7.2025, 13:25:54",22.93,79.19,47.61,46.31,0.97,1,0,0
"31.7.2025, 13:25:58",22.93,79.54,47.7,46.32,0.98,1,0,0
"31.7.2025, 13:26:02",22.93,79.37,47.71,46.33,0.97,1,0,0
"31.7.2025, 13:26:06",22.94,79.63,47.9,46.31,0.98,1,0,0
"31.7.2025, 13:26:10",22.94,79.01,47.96,46.3,0.97,1,0,0
"31.7.2025, 13:26:14",22.95,79.21,47.88,46.31,0.97,1,0,0
"31.7.2025, 13:26:18",22.95,78.86,47.77,46.3,0.96,1,0,0
"31.7.2025, 13:26:22",22.95,79.02,47.67,46.36,0.97,1,0,0
"31.7.2025, 13:26:26",22.95,79.09,47.58,46.34,0.97,1,0,0
"31.7.2025, 13:26:30",22.95,79.06,47.47,46.34,0.97,1,0,0
"31.7.2025, 13:26:34",22.96,79.03,47.35,46.31,0.97,1,0,0
"31.7.2025, 13:26:38",22.96,79.16,47.26,46.32,0.97,1,0,0
"31.7.2025, 13:26:42",22.95,79.24,47.16,46.32,0.97,1,0,0
"31.7.2025, 13:26:46",22.96,79.3,47.21,46.3,0.97,1,0,0
"31.7.2025, 13:26:50",22.96,79.17,47.19,46.29,0.97,1,0,0
"31.7.2025, 13:26:54",22.96,79.08,47.12,46.28,0.97,1,0,0
"31.7.2025, 13:26:58",22.96,79.18,46.91,46.3,0.97,1,0,0
"31.7.2025, 13:27:02",22.97,79.23,46.76,46.28,0.97,1,0,0
"31.7.2025, 13:27:06",22.97,79.41,46.64,46.26,0.97,1,0,0
"31.7.2025, 13:27:10",22.97,79.46,46.64,46.28,0.98,1,0,0
"31.7.2025, 13:27:14",22.97,79.49,46.55,46.28,0.98,1,0,0
"31.7.2025, 13:27:18",22.96,79.36,46.47,46.28,0.97,1,0,0
"31.7.2025, 13:27:22",22.97,79.19,46.37,46.26,0.97,1,0,0
"31.7.2025, 13:27:26",22.97,79.3,46.29,46.23,0.97,1,0,0
"31.7.2025, 13:27:30",22.98,79.53,46.23,46.24,0.98,1,0,0
"31.7.2025, 13:27:34",22.98,79.66,46.18,46.23,0.98,1,0,0
"31.7.2025, 13:27:38",22.98,79.84,46.14,46.24,0.98,1,0,0
"31.7.2025, 13:27:42",22.99,79.95,46.13,46.21,0.99,1,0,0
"31.7.2025, 13:27:46",22.99,79.73,46.12,46.21,0.98,1,0,0
"31.7.2025, 13:27:50",22.98,79.74,46,46.23,0.98,1,0,0
"31.7.2025, 13:27:54",22.99,79.5,45.99,46.23,0.98,1,0,0
"31.7.2025, 13:27:58",22.99,79.33,45.97,46.22,0.97,1,0,0
"31.7.2025, 13:28:02",22.99,79.37,45.81,46.22,0.97,1,0,0
"31.7.2025, 13:28:06",22.99,79.26,45.56,46.2,0.97,1,0,0
"31.7.2025, 13:28:10",23,79.31,45.39,46.19,0.97,1,0,0
"31.7.2025, 13:28:14",22.99,79.35,45.35,46.22,0.97,1,0,0
"31.7.2025, 13:28:18",23,79.68,45.33,46.2,0.98,1,0,0
"31.7.2025, 13:28:22",23,79.44,45.32,46.22,0.97,1,0,0
"31.7.2025, 13:28:26",23,79.51,45.36,46.18,0.98,1,0,0
"31.7.2025, 13:28:30",23,79.7,45.35,46.22,0.98,1,0,0
"31.7.2025, 13:28:34",23,79.6,45.35,46.19,0.98,1,0,0
"31.7.2025, 13:28:38",23.01,79.77,45.34,46.16,0.98,1,0,0
"31.7.2025, 13:28:42",23.01,79.69,45.29,46.18,0.98,1,0,0
"31.7.2025, 13:28:46",23.01,79.67,45.25,46.19,0.98,1,0,0
"31.7.2025, 13:28:50",23.01,79.58,45.22,46.17,0.98,1,0,0
"31.7.2025, 13:28:54",23.01,79.61,45.26,46.19,0.98,1,0,0
"31.7.2025, 13:28:58",23.01,79.37,45.31,46.2,0.97,1,0,0
"31.7.2025, 13:29:02",23.02,79.51,45.38,46.17,0.98,1,0,0
"31.7.2025, 13:29:06",23.02,79.49,45.38,46.16,0.98,1,0,0
"31.7.2025, 13:29:10",23.03,79.59,45.42,46.15,0.98,1,0,0
"31.7.2025, 13:29:14",23.02,79.5,45.44,46.17,0.98,1,0,0
"31.7.2025, 13:29:18",23.03,79.34,45.51,46.15,0.97,1,0,0
"31.7.2025, 13:29:22",23.03,79.63,45.55,46.16,0.98,1,0,0
"31.7.2025, 13:29:26",23.03,79.68,45.55,46.15,0.98,1,0,0
"31.7.2025, 13:29:30",23.03,79.85,45.56,46.15,0.98,1,0,0
"31.7.2025, 13:29:34",23.04,79.66,45.52,46.13,0.98,1,0,0
"31.7.2025, 13:29:38",23.04,79.53,45.5,46.12,0.98,1,0,0
"31.7.2025, 13:29:42",23.04,79.55,45.48,46.16,0.98,1,0,0
"31.7.2025, 13:29:46",23.04,79.67,45.47,46.17,0.98,1,0,0
"31.7.2025, 13:29:50",23.04,79.45,45.57,46.12,0.97,1,0,0
"31.7.2025, 13:29:54",23.04,79.43,45.56,46.16,0.97,1,0,0
"31.7.2025, 13:29:58",23.05,79.65,45.53,46.13,0.98,1,0,0
"31.7.2025, 13:30:02",23.05,79.64,45.59,46.14,0.98,1,0,0
"31.7.2025, 13:30:06",23.05,79.54,45.65,46.17,0.98,1,0,0
"31.7.2025, 13:30:10",23.05,79.79,45.75,46.12,0.98,1,0,0
"31.7.2025, 13:30:14",23.05,79.58,45.76,46.14,0.98,1,0,0
"31.7.2025, 13:30:18",23.06,79.54,45.74,46.15,0.98,1,0,0
"31.7.2025, 13:30:22",23.05,79.7,45.79,46.16,0.98,1,0,0
"31.7.2025, 13:30:26",23.05,79.73,45.84,46.17,0.98,1,0,0
"31.7.2025, 13:30:31",23.06,79.71,45.85,46.12,0.98,1,0,0
"31.7.2025, 13:30:35",23.05,79.96,45.84,46.14,0.99,1,0,0
"31.7.2025, 13:30:39",23.07,79.98,45.82,46.12,0.99,1,0,0
"31.7.2025, 13:30:43",23.07,79.98,45.83,46.12,0.99,1,0,0
"31.7.2025, 13:30:47",23.06,80.05,45.86,46.15,0.99,1,0,0
"31.7.2025, 13:39:32",23.16,79.96,44.88,46.08,0.99,1,0,0
"31.7.2025, 13:39:36",23.16,80.22,44.86,46.04,0.99,1,0,0
"31.7.2025, 13:39:40",23.16,80.25,44.88,46.07,0.99,1,0,0
"31.7.2025, 13:39:44",23.16,80.3,44.97,46.09,0.99,1,0,0
"31.7.2025, 13:39:48",23.17,80.52,45.07,46.07,1,1,0,0
"31.7.2025, 13:39:52",23.17,80.51,45.06,46.07,1,1,0,0
"31.7.2025, 13:39:56",23.17,80.42,45.11,46.08,1,1,0,0
"31.7.2025, 13:40:00",23.17,80.37,45.11,46.07,1,1,0,0
"31.7.2025, 13:40:04",23.17,80.53,45.23,46.09,1,1,0,0
"31.7.2025, 13:40:08",23.17,80.5,45.23,46.08,1,1,0,0
"31.7.2025, 13:40:12",23.17,80.56,45.19,46.07,1,1,0,0
"31.7.2025, 13:40:16",23.18,80.52,45.1,46.07,1,1,0,0
"31.7.2025, 13:40:20",23.18,80.44,45,46.06,1,1,0,0
"31.7.2025, 13:40:24",23.18,80.5,45.05,46.06,1,1,0,0
"31.7.2025, 13:40:28",23.18,80.82,45.16,46.04,1.01,1,0,0
"31.7.2025, 13:40:32",23.18,80.75,45.25,46.06,1,1,0,0
"31.7.2025, 13:40:36",23.18,80.7,45.39,46.07,1,1,0,0
"31.7.2025, 13:40:40",23.19,80.42,45.66,46.09,1,1,0,0
"31.7.2025, 13:40:44",23.19,80.46,45.79,46.06,1,1,0,0
"31.7.2025, 13:40:48",23.2,80.63,45.95,46.05,1,1,0,0
"31.7.2025, 13:40:52",23.19,80.77,46.04,46.06,1,1,0,0
"31.7.2025, 13:40:56",23.2,80.67,46.18,46.07,1,1,0,0
"31.7.2025, 13:41:00",23.2,80.91,46.34,46.06,1.01,1,0,0
"31.7.2025, 13:41:04",23.2,80.9,46.49,46.02,1.01,1,0,0
"31.7.2025, 13:41:08",23.2,80.9,46.52,46.07,1.01,1,0,0
"31.7.2025, 13:41:12",23.2,80.9,46.38,46.05,1.01,1,0,0
"31.7.2025, 13:41:33",23.22,80.7,47.06,46.04,1,0,0,0
"31.7.2025, 13:41:37",23.23,81.01,47.14,46.02,1.01,0,0,0
"31.7.2025, 13:41:41",23.23,81.07,47.15,46.02,1.01,0,0,0
"31.7.2025, 13:41:45",23.23,80.64,47.06,46.03,1,0,0,0
"31.7.2025, 13:42:18",23.25,81.01,48.17,46.01,1.01,0,0,0
"31.7.2025, 13:42:22",23.26,81.07,48.36,46.01,1.01,0,0,0
"31.7.2025, 13:42:26",23.26,80.86,48.35,46.02,1.01,0,0,0
"31.7.2025, 13:42:30",23.27,80.87,48.42,45.97,1.01,0,0,0
"31.7.2025, 13:42:34",23.27,80.69,48.52,46,1,0,0,0
"31.7.2025, 13:42:38",23.28,80.72,48.71,45.99,1,0,0,0
Timestamp,Temp,IAQ,Volume,Hum,VOC,Arbeitsplatz_besetzt,Fenster_offen,Regen
"31.7.2025, 14:08:14",22.81,79.41,49.07,48.09,0.97,0,1,0
"31.7.2025, 14:08:18",22.82,79.17,48.94,48.07,0.97,0,1,0
"31.7.2025, 14:08:22",22.82,79.07,48.82,48.08,0.97,0,1,0
"31.7.2025, 14:08:26",22.82,79.28,48.76,48.02,0.97,0,1,0
"31.7.2025, 14:08:30",22.83,79.19,48.76,48.02,0.97,0,1,0
"31.7.2025, 14:08:34",22.83,78.97,48.74,48,0.96,0,1,0
"31.7.2025, 14:08:38",22.85,79.14,48.58,47.99,0.97,0,1,0
"31.7.2025, 14:08:42",22.85,79.35,48.51,48,0.97,0,1,0
"31.7.2025, 14:08:46",22.86,79.48,48.4,48.01,0.98,0,1,0
"31.7.2025, 14:08:50",22.87,79.77,48.08,47.99,0.98,0,1,0
"31.7.2025, 14:08:54",22.87,79.64,47.91,48.02,0.98,0,1,0
"31.7.2025, 14:08:58",22.88,79.67,47.84,48.05,0.98,0,1,0
"31.7.2025, 14:09:02",22.9,79.51,47.82,48.06,0.98,0,1,0
"31.7.2025, 14:09:06",22.9,79.73,47.82,48.06,0.98,0,1,0
"31.7.2025, 14:09:10",22.91,79.84,47.83,48.04,0.98,0,1,0
"31.7.2025, 14:09:14",22.93,79.9,47.83,48.02,0.98,0,1,0
"31.7.2025, 14:09:18",22.93,80.07,47.83,48.02,0.99,0,1,0
"31.7.2025, 14:09:22",22.94,80.34,47.88,48.03,0.99,0,1,0
"31.7.2025, 14:09:26",22.95,80.46,47.91,48.01,1,0,1,0
"31.7.2025, 14:09:30",22.96,80.52,48,48.01,1,0,1,0
"31.7.2025, 14:09:34",22.97,80.68,47.97,47.99,1,0,1,0
"31.7.2025, 14:09:38",22.97,80.68,47.92,48.04,1,0,1,0
"31.7.2025, 14:09:42",22.98,80.5,47.97,48,1,0,1,0
"31.7.2025, 14:09:46",22.99,80.7,47.96,47.99,1,0,1,0
"31.7.2025, 14:09:50",22.99,80.67,48.01,48.03,1,0,1,0
"31.7.2025, 14:09:54",23,80.87,48.05,48.02,1.01,0,1,0
"31.7.2025, 14:09:58",23.01,81.04,48.08,48.01,1.01,0,1,0
"31.7.2025, 14:10:02",23.02,81.05,48.17,48.01,1.01,0,1,0
"31.7.2025, 14:10:06",23.01,80.95,48.23,48.04,1.01,0,1,0
"31.7.2025, 14:10:10",23.02,80.96,48.2,48.02,1.01,0,1,0
"31.7.2025, 14:10:14",23.04,80.98,48.3,48,1.01,0,1,0
"31.7.2025, 14:10:18",23.04,80.97,48.43,47.99,1.01,0,1,0
"31.7.2025, 14:10:22",23.05,81.11,48.57,47.98,1.01,0,1,0
"31.7.2025, 14:10:26",23.06,81,48.59,47.95,1.01,0,1,0
"31.7.2025, 14:10:30",23.05,81.14,48.62,47.98,1.01,0,1,0
"31.7.2025, 14:10:34",23.07,81.15,48.61,47.95,1.01,0,1,0
"31.7.2025, 14:10:38",23.07,81.05,48.71,47.94,1.01,0,1,0
"31.7.2025, 14:10:42",23.08,81.41,48.68,47.93,1.02,0,1,0
"31.7.2025, 14:10:46",23.08,81.15,48.7,47.95,1.01,0,1,0
"31.7.2025, 14:10:50",23.1,81.28,48.84,47.9,1.02,0,1,0
"31.7.2025, 14:10:54",23.1,81.06,48.93,47.88,1.01,0,1,0
"31.7.2025, 14:10:58",23.11,81.05,49.1,47.91,1.01,0,1,0
"31.7.2025, 14:11:02",23.11,81.16,49.23,47.88,1.01,0,1,0
"31.7.2025, 14:11:06",23.11,81.21,49.29,47.92,1.01,0,1,0
"31.7.2025, 14:11:10",23.12,81.31,49.41,47.91,1.02,0,1,0
"31.7.2025, 14:11:14",23.13,81.57,49.51,47.89,1.02,0,1,0
"31.7.2025, 14:11:18",23.13,81.58,49.6,47.89,1.02,0,1,0
"31.7.2025, 14:11:22",23.14,81.54,49.6,47.87,1.02,0,1,0
"31.7.2025, 14:11:26",23.14,81.36,49.7,47.9,1.02,0,1,0
"31.7.2025, 14:11:30",23.15,81.45,49.61,47.87,1.02,0,1,0
"31.7.2025, 14:11:34",23.15,81.18,49.63,47.87,1.01,0,1,0
"31.7.2025, 14:11:38",23.15,81.07,49.68,47.87,1.01,0,1,0
"31.7.2025, 14:11:42",23.16,81.12,49.71,47.88,1.01,0,1,0
"31.7.2025, 14:11:46",23.17,81.43,49.74,47.88,1.02,0,1,0
"31.7.2025, 14:11:50",23.17,81.26,49.77,47.85,1.02,0,1,0
"31.7.2025, 14:11:54",23.18,81.43,49.8,47.84,1.02,0,1,0
"31.7.2025, 14:11:58",23.18,81.59,49.89,47.81,1.02,0,1,0
"31.7.2025, 14:12:02",23.18,81.63,50.02,47.84,1.02,0,1,0
"31.7.2025, 14:12:06",23.19,81.64,50.06,47.81,1.02,0,1,0
"31.7.2025, 14:12:10",23.19,81.37,50.09,47.83,1.02,0,1,0
"31.7.2025, 14:12:14",23.2,81.72,50.08,47.79,1.03,0,1,0
"31.7.2025, 14:12:18",23.21,81.74,50.02,47.77,1.03,0,1,0
"31.7.2025, 14:12:22",23.21,81.85,49.94,47.77,1.03,0,1,0
"31.7.2025, 14:12:26",23.21,81.65,49.88,47.79,1.02,0,1,0
"31.7.2025, 14:12:30",23.22,81.79,49.82,47.75,1.03,0,1,0
"31.7.2025, 14:12:34",23.22,81.88,49.84,47.78,1.03,0,1,0
"31.7.2025, 14:12:38",23.23,81.92,49.76,47.78,1.03,0,1,0
"31.7.2025, 14:12:42",23.23,81.85,49.72,47.79,1.03,0,1,0
"31.7.2025, 14:12:46",23.25,81.93,49.62,47.76,1.03,0,1,0
"31.7.2025, 14:12:50",23.25,81.98,49.52,47.76,1.03,0,1,0
"31.7.2025, 14:12:54",23.25,81.98,49.47,47.78,1.03,0,1,0
"31.7.2025, 14:12:58",23.25,81.53,49.27,47.78,1.02,0,1,0
"31.7.2025, 14:13:02",23.26,81.44,49.12,47.76,1.02,0,1,0
"31.7.2025, 14:13:06",23.27,82.05,49.06,47.82,1.03,0,1,0
"31.7.2025, 14:13:10",23.27,82.04,48.89,47.82,1.03,0,1,0
"31.7.2025, 14:13:14",23.27,81.78,48.73,47.84,1.03,0,1,0
"31.7.2025, 14:13:18",23.28,81.51,48.66,47.83,1.02,0,1,0
"31.7.2025, 14:13:22",23.29,82.09,48.54,47.85,1.04,0,1,0
"31.7.2025, 14:13:26",23.29,82.24,48.43,47.92,1.04,0,1,0
"31.7.2025, 14:13:30",23.3,82.65,48.43,47.92,1.05,0,1,0
"31.7.2025, 14:13:35",23.3,82.62,48.43,48.01,1.05,0,1,0
"31.7.2025, 14:13:39",23.3,83,48.39,48.05,1.06,0,1,0
"31.7.2025, 14:13:43",23.31,82.55,48.28,48.12,1.05,0,1,0
"31.7.2025, 14:13:47",23.32,82.46,48.28,48.13,1.04,0,1,0
"31.7.2025, 14:13:51",23.33,82.42,48.2,48.15,1.04,0,1,0
"31.7.2025, 14:13:55",23.33,82.85,48.11,48.19,1.05,0,1,0
"31.7.2025, 14:13:59",23.33,83.11,47.89,48.21,1.06,0,1,0
"31.7.2025, 14:14:03",23.33,82.2,47.68,48.25,1.04,0,1,0
"31.7.2025, 14:14:07",23.33,82.85,47.6,48.28,1.05,0,1,0
"31.7.2025, 14:14:11",23.34,82.95,47.56,48.3,1.06,0,1,0
"31.7.2025, 14:14:15",23.34,83.35,47.55,48.3,1.07,0,1,0
"31.7.2025, 14:14:19",23.34,83.06,47.58,48.32,1.06,0,1,0
"31.7.2025, 14:14:23",23.35,82.45,47.62,48.27,1.04,0,1,0
"31.7.2025, 14:14:27",23.34,82.9,47.68,48.29,1.05,0,1,0
"31.7.2025, 14:14:31",23.35,83.23,47.76,48.22,1.06,0,1,0
"31.7.2025, 14:14:35",23.35,83.38,47.8,48.19,1.07,0,1,0
"31.7.2025, 14:14:39",23.36,83.39,47.82,48.17,1.07,0,1,0
"31.7.2025, 14:14:43",23.37,83.29,47.92,48.13,1.06,0,1,0
"31.7.2025, 14:14:47",23.37,82.85,47.99,48.09,1.05,0,1,0
"31.7.2025, 14:14:51",23.36,82.76,48.14,48.09,1.05,0,1,0
"31.7.2025, 14:14:55",23.38,82.98,48.19,48.06,1.06,0,1,0
"31.7.2025, 14:14:59",23.37,83.05,48.25,48.04,1.06,0,1,0
"31.7.2025, 14:15:03",23.38,82.94,48.26,48.03,1.06,0,1,0
"31.7.2025, 14:15:07",23.39,82.95,48.31,48.03,1.06,0,1,0
"31.7.2025, 14:15:11",23.39,82.62,48.49,48.04,1.05,0,1,0
"31.7.2025, 14:15:15",23.4,82.62,48.55,47.96,1.05,0,1,0
"31.7.2025, 14:15:19",23.4,82.42,48.62,47.92,1.04,0,1,0
"31.7.2025, 14:15:23",23.4,82.7,48.66,47.92,1.05,0,1,0
"31.7.2025, 14:15:27",23.39,82.82,48.75,47.92,1.05,0,1,0
"31.7.2025, 14:15:31",23.41,82.53,48.81,47.86,1.05,0,1,0
"31.7.2025, 14:15:35",23.41,82.7,48.78,47.87,1.05,0,1,0
"31.7.2025, 14:15:39",23.41,82.87,48.77,47.88,1.05,0,1,0
"31.7.2025, 14:15:43",23.43,83.07,48.76,47.85,1.06,0,1,0
"31.7.2025, 14:15:47",23.43,82.98,48.72,47.86,1.06,0,1,0
"31.7.2025, 14:15:51",23.44,82.91,48.7,47.82,1.05,0,1,0
"31.7.2025, 14:15:55",23.44,82.71,48.72,47.83,1.05,0,1,0
"31.7.2025, 14:15:59",23.45,82.35,48.78,47.83,1.04,0,1,0
"31.7.2025, 14:16:03",23.46,82.37,48.75,47.77,1.04,0,1,0
"31.7.2025, 14:16:07",23.46,81.89,48.75,47.78,1.03,0,1,0
"31.7.2025, 14:16:11",23.47,82.65,48.71,47.78,1.05,0,1,0
"31.7.2025, 14:16:15",23.46,82.92,48.64,47.81,1.05,0,1,0
"31.7.2025, 14:16:19",23.47,82.83,48.53,47.77,1.05,0,1,0
"31.7.2025, 14:16:23",23.47,83.27,48.49,47.81,1.06,0,1,0
"31.7.2025, 14:16:27",23.49,83,48.43,47.77,1.06,0,1,0
"31.7.2025, 14:16:31",23.49,83.3,48.47,47.77,1.06,0,1,0
"31.7.2025, 14:16:35",23.5,83.05,48.45,47.75,1.06,0,1,0
"31.7.2025, 14:16:39",23.49,83.17,48.42,47.75,1.06,0,1,0
"31.7.2025, 14:16:43",23.51,83.54,48.39,47.71,1.07,0,1,0
"31.7.2025, 14:16:47",23.51,83.19,48.35,47.74,1.06,0,1,0
"31.7.2025, 14:16:51",23.52,83.25,48.14,47.66,1.06,0,1,0
"31.7.2025, 14:16:55",23.52,82.99,48.09,47.68,1.06,0,1,0
"31.7.2025, 14:16:59",23.52,83.04,48.09,47.66,1.06,0,1,0
"31.7.2025, 14:17:03",23.53,82.31,48.22,47.65,1.04,0,1,0
"31.7.2025, 14:17:07",23.53,82.25,48.21,47.69,1.04,0,1,0
"31.7.2025, 14:17:11",23.54,82.42,48.11,47.69,1.04,0,1,0
"31.7.2025, 14:17:15",23.55,82.75,48.21,47.71,1.05,0,1,0
"31.7.2025, 14:17:19",23.56,83.15,48.17,47.75,1.06,0,1,0
"31.7.2025, 14:17:23",23.56,83.12,48.19,47.75,1.06,0,1,0
"31.7.2025, 14:17:27",23.56,82.71,48.11,47.76,1.05,0,1,0
"31.7.2025, 14:17:31",23.57,82.92,48.1,47.75,1.05,0,1,0
"31.7.2025, 14:17:35",23.59,82.9,48.27,47.69,1.05,0,1,0
"31.7.2025, 14:17:39",23.59,82.97,48.24,47.67,1.06,0,1,0
"31.7.2025, 14:17:43",23.59,82.1,48.24,47.67,1.04,0,1,0
"31.7.2025, 14:17:47",23.6,82.23,48.25,47.65,1.04,0,1,0
"31.7.2025, 14:17:51",23.61,82.36,48.31,47.57,1.04,0,1,0
"31.7.2025, 14:17:55",23.61,82.18,48.35,47.59,1.04,0,1,0
"31.7.2025, 14:17:59",23.62,82.34,48.38,47.54,1.04,0,1,0
"31.7.2025, 14:18:03",23.62,82.31,48.52,47.54,1.04,0,1,0
Timestamp,Temp,IAQ,Volume,Hum,VOC,Arbeitsplatz_besetzt,Fenster_offen,Regen
"31.7.2025, 14:36:30",25.36,85.74,48.23,44.62,1.12,0,0,0
"31.7.2025, 14:36:34",25.38,85.5,48.14,44.55,1.12,0,0,0
"31.7.2025, 14:36:38",25.41,85.81,48.09,44.5,1.13,0,0,0
"31.7.2025, 14:36:42",25.42,85.43,48.03,44.52,1.12,0,0,0
"31.7.2025, 14:36:46",25.42,85.44,47.9,44.5,1.12,0,0,0
"31.7.2025, 14:36:50",25.46,85.39,47.7,44.4,1.12,0,0,0
"31.7.2025, 14:36:54",25.46,85.65,47.47,44.45,1.12,0,0,0
"31.7.2025, 14:36:58",25.48,85.59,47.42,44.45,1.12,0,0,0
"31.7.2025, 14:37:02",25.5,85.24,47.27,44.37,1.11,0,0,0
"31.7.2025, 14:37:06",25.51,85.32,47.14,44.4,1.11,0,0,0
"31.7.2025, 14:37:10",25.52,85.86,47.04,44.37,1.13,0,0,0
"31.7.2025, 14:37:14",25.56,85.65,47.04,44.32,1.12,0,0,0
"31.7.2025, 14:37:18",25.57,85.95,46.99,44.3,1.13,0,0,0
"31.7.2025, 14:37:22",25.58,86.21,47.08,44.27,1.14,0,0,0
"31.7.2025, 14:37:26",25.6,86.12,47.13,44.23,1.13,0,0,0
"31.7.2025, 14:37:30",25.62,86.26,47.27,44.22,1.14,0,0,0
"31.7.2025, 14:37:34",25.63,86.2,47.39,44.21,1.14,0,0,0
"31.7.2025, 14:37:38",25.66,86.45,47.44,44.16,1.14,0,0,0
"31.7.2025, 14:37:42",25.67,86.76,47.45,44.16,1.15,0,0,0
"31.7.2025, 14:37:46",25.68,86.53,47.52,44.15,1.14,0,0,0
"31.7.2025, 14:37:50",25.7,87.1,47.35,44.13,1.16,0,0,0
"31.7.2025, 14:37:54",25.71,87.68,47.26,44.09,1.17,0,0,0
"31.7.2025, 14:37:58",25.74,87,47.07,44.05,1.16,0,0,0
"31.7.2025, 14:38:02",25.75,87.27,46.91,44.02,1.16,0,0,0
"31.7.2025, 14:38:06",25.77,87.43,46.88,44.02,1.17,0,0,0
"31.7.2025, 14:38:10",25.78,87.38,46.88,44,1.17,0,0,0
"31.7.2025, 14:38:14",25.8,87.23,46.91,43.97,1.16,0,0,0
"31.7.2025, 14:38:18",25.81,87.32,47,43.95,1.17,0,0,0
"31.7.2025, 14:38:22",25.83,87.08,46.85,43.93,1.16,0,0,0
"31.7.2025, 14:38:26",25.85,87.1,46.74,43.87,1.16,0,0,0
"31.7.2025, 14:38:30",25.87,87.42,46.71,43.85,1.17,0,0,0
"31.7.2025, 14:38:34",25.88,87.62,46.69,43.84,1.17,0,0,0
"31.7.2025, 14:38:38",25.91,87.31,46.8,43.79,1.17,0,0,0
"31.7.2025, 14:38:42",25.92,87.68,46.89,43.79,1.18,0,0,0
"31.7.2025, 14:38:46",25.94,87.71,46.87,43.76,1.18,0,0,0
"31.7.2025, 14:38:50",25.95,87.19,46.8,43.75,1.16,0,0,0
"31.7.2025, 14:38:54",25.97,87.72,46.71,43.71,1.18,0,0,0
"31.7.2025, 14:38:58",25.98,87.8,46.67,43.69,1.18,0,0,0
"31.7.2025, 14:39:02",26.01,87.68,46.73,43.64,1.18,0,0,0
Timestamp,Temp,IAQ,Volume,Hum,VOC,Arbeitsplatz_besetzt,Fenster_offen,Regen
"31.7.2025, 14:42:03",27.12,90.67,46.17,42.05,1.26,0,0,0
"31.7.2025, 14:42:07",27.15,90.96,46.24,41.99,1.27,0,0,0
"31.7.2025, 14:42:11",27.15,91.22,46.27,41.96,1.27,0,0,0
"31.7.2025, 14:42:15",27.16,91.11,46.31,41.97,1.27,0,0,0
"31.7.2025, 14:42:19",27.17,91.35,46.3,41.93,1.28,0,0,0
"31.7.2025, 14:42:23",27.18,91.37,46.29,41.89,1.28,0,0,0
"31.7.2025, 14:42:27",27.19,91.64,46.38,41.85,1.29,0,0,0
"31.7.2025, 14:42:31",27.2,91.54,46.45,41.86,1.28,0,0,0
"31.7.2025, 14:42:35",27.2,91.26,46.38,41.84,1.27,0,0,0
"31.7.2025, 14:42:39",27.2,91.61,46.37,41.84,1.28,0,0,0
"31.7.2025, 14:42:43",27.2,90.97,46.42,41.82,1.27,0,0,0
"31.7.2025, 14:42:47",27.2,91.54,46.47,41.8,1.28,0,0,0
"31.7.2025, 14:42:51",27.22,91.24,46.5,41.78,1.27,0,0,0
"31.7.2025, 14:42:55",27.22,91.17,46.5,41.77,1.27,0,0,0
"31.7.2025, 14:42:59",27.23,90.85,46.47,41.74,1.26,0,0,0
"31.7.2025, 14:43:03",27.23,90.64,46.49,41.71,1.26,0,0,0
"31.7.2025, 14:43:07",27.24,91.07,46.42,41.7,1.27,0,0,0
"31.7.2025, 14:43:11",27.25,90.98,46.4,41.69,1.27,0,0,0
"31.7.2025, 14:43:15",27.27,90.91,46.32,41.66,1.26,0,0,0
"31.7.2025, 14:43:19",27.27,92.08,46.36,41.63,1.3,0,0,0
"31.7.2025, 14:43:23",27.29,91.65,46.49,41.6,1.29,0,0,0
"31.7.2025, 14:43:27",27.3,91.15,46.61,41.58,1.27,0,0,0
"31.7.2025, 14:43:31",27.32,91.58,46.6,41.54,1.28,0,0,0
"31.7.2025, 14:43:39",27.34,91.31,46.63,41.52,1.28,0,0,0
"31.7.2025, 14:43:43",27.35,91.93,46.67,41.51,1.29,0,0,0
"31.7.2025, 14:43:47",27.36,92.1,46.6,41.48,1.3,0,0,0
"31.7.2025, 14:43:51",27.37,91.81,46.61,41.47,1.29,0,0,0
"31.7.2025, 14:43:55",27.39,92.03,46.57,41.45,1.3,0,0,0
"31.7.2025, 14:43:59",27.41,92.33,46.55,41.41,1.31,0,0,0
"31.7.2025, 14:44:03",27.42,92.45,46.53,41.44,1.31,0,0,0
"31.7.2025, 14:44:07",27.44,92.4,46.51,41.44,1.31,0,0,0
"31.7.2025, 14:44:11",27.45,92.7,46.5,41.46,1.32,0,0,0
"31.7.2025, 14:44:15",27.48,92.74,46.48,41.43,1.32,0,0,0
"31.7.2025, 14:44:19",27.49,92.9,46.49,41.42,1.32,0,0,0
"31.7.2025, 14:44:23",27.51,92.81,46.45,41.39,1.32,0,0,0
Timestamp,Temp,IAQ,Volume,Hum,VOC,Arbeitsplatz_besetzt,Fenster_offen,Regen
"1.8.2025, 08:30:05",21.69,170.6,49.57,54.89,7.7,0,0,0
"1.8.2025, 08:30:09",21.68,169.73,49.46,54.91,7.55,0,0,0
"1.8.2025, 08:30:13",21.67,168.05,49.33,54.9,7.27,0,0,0
"1.8.2025, 08:30:17",21.66,167.36,49.24,54.92,7.16,0,0,0
"1.8.2025, 08:30:21",21.65,166.8,49.13,54.87,7.07,0,0,0
"1.8.2025, 08:30:25",21.64,165.97,48.97,54.91,6.93,0,0,0
"1.8.2025, 08:30:29",21.64,164.9,48.52,54.86,6.77,0,0,0
"1.8.2025, 08:30:33",21.64,164.18,48.34,54.87,6.66,0,0,0
"1.8.2025, 08:30:37",21.62,163.34,48.22,54.89,6.53,0,0,0
"1.8.2025, 08:30:41",21.62,162.6,48.2,54.86,6.42,0,0,0
"1.8.2025, 08:30:45",21.61,161.58,48.11,54.87,6.28,0,0,0
"1.8.2025, 08:30:49",21.6,160.21,48.11,54.89,6.08,0,0,0
"1.8.2025, 08:30:53",21.6,159.75,48.01,54.86,6.02,0,0,0
"1.8.2025, 08:30:57",21.6,158.63,48.09,54.89,5.87,0,0,0
"1.8.2025, 08:31:01",21.6,156.38,48.16,54.84,5.58,0,0,0
"1.8.2025, 08:31:05",21.59,154.97,48.25,54.86,5.4,0,0,0
"1.8.2025, 08:31:09",21.59,152.29,48.43,54.85,5.08,0,0,0
"1.8.2025, 08:31:13",21.58,151.92,48.68,54.83,5.04,0,0,0
"1.8.2025, 08:31:17",21.58,150.98,48.84,54.85,4.94,0,0,0
"1.8.2025, 08:31:21",21.59,149.92,49,54.83,4.82,0,0,0
"1.8.2025, 08:31:25",21.57,148.16,49.1,54.84,4.63,0,0,0
"1.8.2025, 08:31:29",21.57,147.32,49.25,54.85,4.54,0,0,0
"1.8.2025, 08:31:33",21.56,146.55,49.34,54.85,4.46,0,0,0
"1.8.2025, 08:31:37",21.57,145.79,49.46,54.82,4.39,0,0,0
"1.8.2025, 08:31:41",21.56,145.29,49.61,54.83,4.34,0,0,0
"1.8.2025, 08:31:45",21.55,144.23,49.67,54.82,4.24,0,0,0
"1.8.2025, 08:31:49",21.55,143.96,49.74,54.86,4.21,0,0,0
"1.8.2025, 08:31:53",21.56,143.3,49.94,54.84,4.15,0,0,0
"1.8.2025, 08:31:57",21.54,142.06,50.18,54.83,4.03,0,0,0
"1.8.2025, 08:32:01",21.55,141.36,50.32,54.85,3.97,0,0,0
"1.8.2025, 08:32:05",21.54,141.26,50.4,54.86,3.96,0,0,0
"1.8.2025, 08:32:09",21.55,139.5,50.52,54.84,3.8,0,0,0
"1.8.2025, 08:32:13",21.55,139.15,50.64,54.81,3.77,0,0,0
"1.8.2025, 08:32:17",21.57,138.37,50.68,54.78,3.71,0,0,0
"1.8.2025, 08:32:21",21.59,137.4,50.79,54.71,3.63,0,0,0
"1.8.2025, 08:32:25",21.6,136.3,51.07,54.65,3.54,0,0,0
"1.8.2025, 08:32:29",21.61,136.16,51.27,54.66,3.53,0,0,0
"1.8.2025, 08:32:33",21.65,135.76,51.52,54.57,3.5,0,0,0
"1.8.2025, 08:32:37",21.66,135.33,51.56,54.54,3.46,0,0,0
"1.8.2025, 08:32:41",21.67,134.72,51.53,54.53,3.41,0,0,0
"1.8.2025, 08:32:45",21.68,134.01,51.65,54.51,3.36,0,0,0
"1.8.2025, 08:32:49",21.7,133.42,51.79,54.47,3.31,0,0,0
"1.8.2025, 08:32:53",21.7,132.96,51.89,54.46,3.28,0,0,0
"1.8.2025, 08:32:57",21.72,132.16,51.9,54.43,3.22,0,0,0
"1.8.2025, 08:33:01",21.71,131.08,51.91,54.45,3.14,0,0,0
"1.8.2025, 08:33:05",21.73,131.13,51.88,54.4,3.15,0,0,0
"1.8.2025, 08:33:09",21.74,130.06,51.7,54.38,3.07,0,0,0
"1.8.2025, 08:33:13",21.75,130.04,51.6,54.37,3.07,0,0,0
"1.8.2025, 08:33:17",21.75,128.89,51.52,54.37,2.99,0,0,0
"1.8.2025, 08:33:21",21.77,127.69,51.57,54.33,2.91,0,0,0
"1.8.2025, 08:33:25",21.77,127.76,51.61,54.33,2.92,0,0,0
"1.8.2025, 08:33:29",21.77,127.49,51.74,54.35,2.9,0,0,0
"1.8.2025, 08:33:33",21.78,127.26,51.85,54.35,2.88,0,0,0
"1.8.2025, 08:33:37",21.78,126.31,51.98,54.33,2.82,0,0,0
"1.8.2025, 08:33:41",21.79,125.9,52.11,54.28,2.8,0,0,0
"1.8.2025, 08:33:45",21.8,124.86,52.33,54.27,2.73,0,0,0
"1.8.2025, 08:33:49",21.81,124.75,52.43,54.26,2.72,0,0,0
"1.8.2025, 08:33:53",21.81,124.23,52.41,54.25,2.69,0,0,0
"1.8.2025, 08:33:57",21.83,123.48,52.37,54.25,2.65,0,0,0
"1.8.2025, 08:34:01",21.82,122.89,52.38,54.26,2.61,0,0,0
"1.8.2025, 08:34:05",21.83,122.47,52.5,54.24,2.59,0,0,0
"1.8.2025, 08:34:09",21.84,121.33,52.52,54.23,2.52,0,0,0
"1.8.2025, 08:34:13",21.85,121.18,52.6,54.22,2.51,0,0,0
"1.8.2025, 08:34:17",21.85,120.55,52.75,54.18,2.48,0,0,0
"1.8.2025, 08:34:21",21.86,120.24,52.83,54.17,2.46,0,0,0
"1.8.2025, 08:34:25",21.86,119.18,52.69,54.16,2.4,0,0,0
"1.8.2025, 08:34:29",21.87,118.6,52.64,54.15,2.37,0,0,0
"1.8.2025, 08:34:33",21.87,118.68,52.65,54.16,2.37,0,0,0
"1.8.2025, 08:34:37",21.89,118.59,52.77,54.11,2.37,0,0,0
Timestamp,Temp,IAQ,Volume,Hum,VOC,Arbeitsplatz_besetzt,Fenster_offen,Regen
"1.8.2025, 08:50:59",22.01,64.88,50.02,53.82,0.7,0,0,0
"1.8.2025, 08:51:03",22.01,64.41,49.88,53.84,0.69,0,0,0
"1.8.2025, 08:51:07",22.01,64.57,49.8,53.84,0.7,0,0,0
"1.8.2025, 08:51:11",22,64.76,49.68,53.84,0.7,0,0,0
"1.8.2025, 08:51:15",22.02,64.56,49.66,53.83,0.7,0,0,0
"1.8.2025, 08:51:19",22.01,63.99,49.74,53.84,0.69,0,0,0
"1.8.2025, 08:51:23",22.02,63.88,49.84,53.81,0.68,0,0,0
"1.8.2025, 08:51:27",22.01,63.8,49.89,53.85,0.68,0,0,0
"1.8.2025, 08:51:31",22.02,63.29,49.98,53.84,0.68,0,0,0
"1.8.2025, 08:51:35",22.01,63.26,49.47,53.83,0.68,0,0,0
"1.8.2025, 08:51:39",22.02,63.62,48.91,53.82,0.68,0,0,0
"1.8.2025, 08:51:43",22.02,63.71,48.27,53.83,0.68,0,0,0
"1.8.2025, 08:51:47",22.03,63.38,48,53.81,0.68,0,0,0
"1.8.2025, 08:51:51",22.01,63.68,47.9,53.84,0.68,0,0,0
"1.8.2025, 08:51:55",22.03,63.97,47.94,53.79,0.69,0,0,0
"1.8.2025, 08:51:59",22.03,63.64,47.8,53.79,0.68,0,0,0
"1.8.2025, 08:52:03",22.03,63.3,47.82,53.77,0.68,0,0,0
"1.8.2025, 08:52:07",22.03,63.1,47.7,53.81,0.67,0,0,0
"1.8.2025, 08:52:11",22.03,63.56,47.51,53.79,0.68,0,0,0
"1.8.2025, 08:52:15",22.03,63.5,47.49,53.81,0.68,0,0,0
"1.8.2025, 08:52:19",22.03,63.15,47.45,53.81,0.67,0,0,0
"1.8.2025, 08:52:23",22.03,63.28,47.47,53.82,0.68,0,0,0
"1.8.2025, 08:52:27",22.04,63.37,47.38,53.79,0.68,0,0,0
"1.8.2025, 08:52:31",22.04,63.21,47.47,53.79,0.67,0,0,0
"1.8.2025, 08:52:35",22.04,62.59,47.6,53.76,0.67,0,0,0
"1.8.2025, 08:52:39",22.03,62.3,47.75,53.78,0.66,0,0,0
"1.8.2025, 08:52:43",22.04,62.54,48.2,53.78,0.66,0,0,0
"1.8.2025, 08:52:47",22.04,62.47,48.45,53.77,0.66,0,0,0
"1.8.2025, 08:52:51",22.04,62.13,48.72,53.77,0.66,0,0,0
"1.8.2025, 08:52:55",22.04,62.19,49.04,53.78,0.66,0,0,0
"1.8.2025, 08:52:59",22.04,62.37,49.38,53.79,0.66,0,0,0
"1.8.2025, 08:53:03",22.04,62.59,49.72,53.78,0.67,0,0,0
"1.8.2025, 08:53:07",22.04,62.59,49.99,53.76,0.67,0,0,0
"1.8.2025, 08:53:11",22.04,62.64,50.26,53.77,0.67,0,0,0
"1.8.2025, 08:53:15",22.05,62.54,50.43,53.76,0.66,0,0,0
"1.8.2025, 08:53:19",22.04,62.32,50.35,53.75,0.66,0,0,0
"1.8.2025, 08:53:23",22.04,61.87,50.39,53.78,0.65,0,0,0
"1.8.2025, 08:53:27",22.05,61.48,50.35,53.75,0.65,0,0,0
"1.8.2025, 08:53:31",22.05,61.51,50.38,53.75,0.65,0,0,0
"1.8.2025, 08:53:35",22.05,61.73,50.38,53.74,0.65,0,0,0
"1.8.2025, 08:53:39",22.04,61.54,50.45,53.74,0.65,0,0,0
"1.8.2025, 08:53:43",22.04,61.57,50.57,53.74,0.65,0,0,0
"1.8.2025, 08:53:47",22.05,61.48,50.48,53.75,0.65,0,0,0
"1.8.2025, 08:53:51",22.05,61.67,50.36,53.75,0.65,0,0,0
"1.8.2025, 08:53:55",22.05,61.49,50.18,53.76,0.65,0,0,0
"1.8.2025, 08:53:59",22.05,61.52,50.14,53.73,0.65,0,0,0
"1.8.2025, 08:54:03",22.04,61.32,49.96,53.76,0.65,0,0,0
"1.8.2025, 08:54:07",22.05,61.71,49.92,53.73,0.65,0,0,0
"1.8.2025, 08:54:11",22.05,61.09,49.86,53.74,0.64,0,0,0
"1.8.2025, 08:54:15",22.04,61.17,49.65,53.76,0.64,0,0,0
"1.8.2025, 08:54:19",22.05,61.91,49.51,53.71,0.66,0,0,0
"1.8.2025, 08:54:23",22.05,60.65,49.37,53.73,0.64,0,0,0
"1.8.2025, 08:54:27",22.06,60.4,49.34,53.74,0.63,0,0,0
"1.8.2025, 08:54:31",22.05,60.63,49.14,53.7,0.64,0,0,0
"1.8.2025, 08:54:35",22.06,60.75,49.04,53.69,0.64,0,0,0
"1.8.2025, 08:54:39",22.05,61.24,48.86,53.77,0.65,0,0,0
"1.8.2025, 08:54:43",22.06,61.28,48.59,53.7,0.65,0,0,0
"1.8.2025, 08:54:47",22.05,60.73,48.34,53.74,0.64,0,0,0
"1.8.2025, 08:54:51",22.06,60.38,48.11,53.73,0.63,0,0,0
"1.8.2025, 08:54:55",22.05,59.92,47.77,53.71,0.63,0,0,0
"1.8.2025, 08:54:59",22.05,59.37,47.54,53.71,0.62,0,0,0
"1.8.2025, 08:55:03",22.05,59.84,47.32,53.72,0.62,0,0,0
"1.8.2025, 08:55:07",22.06,59.92,47.1,53.7,0.63,0,0,0
"1.8.2025, 08:55:11",22.06,59.74,46.88,53.71,0.62,0,0,0
"1.8.2025, 08:55:15",22.06,59.93,46.91,53.7,0.63,0,0,0
"1.8.2025, 08:55:19",22.07,60.75,47.02,53.71,0.64,0,0,0
"1.8.2025, 08:55:23",22.07,60.05,47.11,53.71,0.63,0,0,0
"1.8.2025, 08:55:27",22.07,60.06,47.24,53.71,0.63,0,0,0
"1.8.2025, 08:55:31",22.06,59.99,47.33,53.75,0.63,0,0,0
"1.8.2025, 08:55:35",22.07,59.63,47.42,53.69,0.62,0,0,0
"1.8.2025, 08:55:40",22.06,60,47.42,53.72,0.63,0,0,0
"1.8.2025, 08:55:44",22.07,60.53,47.45,53.71,0.63,0,0,0
"1.8.2025, 08:55:48",22.07,60,47.47,53.76,0.63,0,0,0
"1.8.2025, 08:55:52",22.07,60.16,47.61,53.72,0.63,0,0,0
"1.8.2025, 08:55:56",22.07,59.68,47.72,53.71,0.62,0,0,0
"1.8.2025, 08:56:00",22.08,59.55,47.95,53.71,0.62,0,0,0
"1.8.2025, 08:56:04",22.07,59.23,48.16,53.77,0.62,0,0,0
"1.8.2025, 08:56:08",22.07,58.92,48.31,53.74,0.61,0,0,0
"1.8.2025, 08:56:12",22.07,59.25,48.48,53.74,0.62,0,0,0
"1.8.2025, 08:56:16",22.08,58.78,48.66,53.72,0.61,0,0,0
"1.8.2025, 08:56:20",22.07,59.25,48.75,53.73,0.62,0,0,0
"1.8.2025, 08:56:24",22.08,58.86,48.86,53.72,0.61,0,0,0
"1.8.2025, 08:56:28",22.08,58.74,48.84,53.7,0.61,0,0,0
"1.8.2025, 08:56:32",22.08,58.86,48.86,53.7,0.61,0,0,0
"1.8.2025, 08:56:36",22.08,58.97,49,53.7,0.61,0,0,0
"1.8.2025, 08:56:40",22.08,59.2,49.11,53.71,0.62,0,0,0
"1.8.2025, 08:56:44",22.08,59.01,49.15,53.74,0.61,0,0,0
"1.8.2025, 08:56:48",22.07,59.36,49.06,53.76,0.62,0,0,0
"1.8.2025, 08:56:52",22.08,59.08,49.09,53.71,0.61,0,0,0
"1.8.2025, 08:56:56",22.09,58.59,49.08,53.69,0.61,0,0,0
"1.8.2025, 08:57:00",22.09,59.15,49.12,53.7,0.62,0,0,0
"1.8.2025, 08:57:04",22.08,58.77,49.16,53.71,0.61,0,0,0
"1.8.2025, 08:57:08",22.09,58.67,49.16,53.69,0.61,0,0,0
"1.8.2025, 08:57:12",22.09,58.43,49.12,53.69,0.61,0,0,0
"1.8.2025, 08:57:16",22.09,58.03,49.02,53.73,0.6,0,0,0
"1.8.2025, 08:57:20",22.09,58.2,48.85,53.73,0.6,0,0,0
"1.8.2025, 08:57:24",22.1,58.32,48.7,53.69,0.6,0,0,0
"1.8.2025, 08:57:28",22.09,58.02,48.53,53.72,0.6,0,0,0
"1.8.2025, 08:57:32",22.09,58.6,48.46,53.69,0.61,0,0,0
"1.8.2025, 08:57:36",22.09,59.05,48.35,53.69,0.61,0,0,0
"1.8.2025, 08:57:40",22.1,58.67,48.34,53.71,0.61,0,0,0
"1.8.2025, 08:57:44",22.09,58.4,48.37,53.72,0.6,0,0,0
"1.8.2025, 08:57:48",22.09,57.9,48.47,53.73,0.6,0,0,0
"1.8.2025, 08:57:52",22.1,57.79,48.47,53.72,0.6,0,0,0
"1.8.2025, 08:57:56",22.09,58.52,48.5,53.72,0.61,0,0,0
"1.8.2025, 08:58:00",22.09,58.9,48.4,53.71,0.61,0,0,0
"1.8.2025, 08:58:04",22.09,58.47,48.24,53.74,0.61,0,0,0
"1.8.2025, 08:58:08",22.09,58.32,48.1,53.75,0.6,0,0,0
"1.8.2025, 08:58:12",22.09,57.98,48.03,53.74,0.6,0,0,0
"1.8.2025, 08:58:16",22.1,57.75,48.06,53.73,0.6,0,0,0
"1.8.2025, 08:58:20",22.09,57.94,48.12,53.75,0.6,0,0,0
"1.8.2025, 08:58:24",22.09,58.32,48.13,53.74,0.6,0,0,0
"1.8.2025, 08:58:28",22.09,57.74,48.17,53.73,0.6,0,0,0
"1.8.2025, 08:58:32",22.1,57.63,48.04,53.74,0.59,0,0,0
"1.8.2025, 08:58:36",22.08,57.65,47.9,53.77,0.59,0,0,0
"1.8.2025, 08:58:40",22.09,57.89,47.73,53.75,0.6,0,0,0
"1.8.2025, 08:58:44",22.08,57.83,47.57,53.78,0.6,0,0,0
"1.8.2025, 08:58:48",22.09,57.48,47.66,53.74,0.59,0,0,0
"1.8.2025, 08:58:52",22.09,57.08,47.61,53.74,0.59,0,0,0
"1.8.2025, 08:58:56",22.09,56.8,47.59,53.75,0.58,0,0,0
"1.8.2025, 08:59:00",22.09,56.76,47.51,53.74,0.58,0,0,0
"1.8.2025, 08:59:04",22.08,56.66,47.47,53.74,0.58,0,0,0
"1.8.2025, 08:59:08",22.09,56.96,47.5,53.73,0.59,0,0,0
"1.8.2025, 08:59:12",22.08,57.19,47.53,53.72,0.59,0,0,0
"1.8.2025, 08:59:16",22.07,57.36,47.6,53.79,0.59,0,0,0
"1.8.2025, 08:59:20",22.08,57,47.68,53.75,0.59,0,0,0
"1.8.2025, 08:59:24",22.08,57.07,47.69,53.74,0.59,0,0,0
"1.8.2025, 08:59:28",22.08,56.49,47.72,53.77,0.58,0,0,0
"1.8.2025, 08:59:32",22.08,57.22,47.67,53.75,0.59,0,0,0
"1.8.2025, 08:59:36",22.07,56.91,47.75,53.78,0.58,0,0,0
"1.8.2025, 08:59:40",22.07,57.44,47.79,53.78,0.59,0,0,0
"1.8.2025, 08:59:44",22.07,57.37,47.76,53.77,0.59,0,0,0
"1.8.2025, 08:59:48",22.08,57.08,47.67,53.74,0.59,0,0,0
"1.8.2025, 08:59:52",22.07,57.04,47.57,53.78,0.59,0,0,0
"1.8.2025, 08:59:56",22.08,56.79,47.54,53.75,0.58,0,0,0
"1.8.2025, 09:00:00",22.06,56.62,47.49,53.82,0.58,0,0,0
"1.8.2025, 09:00:04",22.06,56.45,47.48,53.8,0.58,0,0,0
"1.8.2025, 09:00:08",22.07,56.54,47.52,53.79,0.58,0,0,0
"1.8.2025, 09:00:12",22.06,56.29,47.58,53.81,0.58,0,0,0
"1.8.2025, 09:00:16",22.07,56.16,47.59,53.8,0.57,0,0,0
"1.8.2025, 09:00:20",22.07,55.94,47.58,53.81,0.57,0,0,0
"1.8.2025, 09:00:24",22.06,56.34,47.68,53.8,0.58,0,0,0
"1.8.2025, 09:00:28",22.06,56.13,48.02,53.83,0.57,0,0,0
"1.8.2025, 09:00:32",22.06,55.78,48.41,53.81,0.57,0,0,0
"1.8.2025, 09:00:36",22.05,55.62,48.84,53.82,0.57,0,0,0
"1.8.2025, 09:00:40",22.05,55.95,49.16,53.84,0.57,0,0,0
"1.8.2025, 09:00:44",22.05,55.89,49.39,53.84,0.57,0,0,0
"1.8.2025, 09:00:48",22.05,56.24,49.53,53.86,0.58,0,0,0
"1.8.2025, 09:00:52",22.05,55.98,49.62,53.86,0.57,0,0,0
"1.8.2025, 09:00:56",22.05,55.83,49.74,53.83,0.57,0,0,0
"1.8.2025, 09:01:00",22.04,55.58,49.88,53.86,0.57,0,0,0
"1.8.2025, 09:01:04",22.05,55.31,49.92,53.83,0.56,0,0,0
"1.8.2025, 09:01:08",22.04,54.92,49.93,53.86,0.56,0,0,0
"1.8.2025, 09:01:12",22.04,55.34,49.95,53.85,0.56,0,0,0
"1.8.2025, 09:01:16",22.04,55.55,49.92,53.83,0.57,0,0,0
"1.8.2025, 09:01:20",22.05,55.08,49.96,53.83,0.56,0,0,0
"1.8.2025, 09:01:24",22.04,54.99,50.08,53.85,0.56,0,0,0
"1.8.2025, 09:01:28",22.05,55.24,50.14,53.87,0.56,0,0,0
"1.8.2025, 09:01:32",22.04,55.26,50.21,53.87,0.56,0,0,0
"1.8.2025, 09:01:36",22.04,55.27,50.19,53.87,0.56,0,0,0
"1.8.2025, 09:01:40",22.03,54.97,50.17,53.89,0.56,0,0,0
"1.8.2025, 09:01:44",22.04,54.91,50.16,53.85,0.56,0,0,0
"1.8.2025, 09:01:48",22.04,54.95,50.17,53.88,0.56,0,0,0
"1.8.2025, 09:01:52",22.03,55.48,50.34,53.88,0.57,0,0,0
"1.8.2025, 09:01:56",22.04,55.18,50.35,53.89,0.56,0,0,0
"1.8.2025, 09:02:00",22.04,55.51,50.42,53.9,0.57,0,0,0
"1.8.2025, 09:02:04",22.03,55.43,50.49,53.92,0.57,0,0,0
"1.8.2025, 09:02:08",22.04,55.44,50.5,53.9,0.57,0,0,0
"1.8.2025, 09:02:12",22.03,55.38,50.5,53.92,0.56,0,0,0
"1.8.2025, 09:02:16",22.03,55.25,50.52,53.92,0.56,0,0,0
"1.8.2025, 09:02:20",22.03,54.78,50.66,53.89,0.56,0,0,0
"1.8.2025, 09:02:24",22.03,55.51,50.61,53.92,0.57,0,0,0
"1.8.2025, 09:02:28",22.03,55.11,50.42,53.92,0.56,0,0,0
"1.8.2025, 09:02:32",22.03,55.23,50.12,53.91,0.56,0,0,0
"1.8.2025, 09:02:36",22.03,54.86,49.9,53.94,0.56,0,0,0
"1.8.2025, 09:02:40",22.02,55.28,49.57,53.94,0.56,0,0,0
"1.8.2025, 09:02:44",22.02,55.5,49.56,53.96,0.57,0,0,0
"1.8.2025, 09:02:48",22.03,55.41,49.47,53.92,0.57,0,0,0
"1.8.2025, 09:02:52",22.03,55.04,49.58,53.92,0.56,0,0,0
"1.8.2025, 09:02:56",22.02,55.63,49.62,53.97,0.57,0,0,0
"1.8.2025, 09:03:00",22.02,55.01,49.53,53.97,0.56,0,0,0
"1.8.2025, 09:03:04",22.02,55.06,49.41,53.96,0.56,0,0,0
"1.8.2025, 09:03:08",22.01,55.57,49.33,53.97,0.57,0,0,0
"1.8.2025, 09:03:12",22.02,54.79,49.33,53.96,0.56,0,0,0
"1.8.2025, 09:03:16",22.02,54.83,49.29,53.99,0.56,0,0,0
"1.8.2025, 09:03:20",22.02,54.31,49.21,53.96,0.55,0,0,0
"1.8.2025, 09:03:24",22.02,54.59,49.03,53.96,0.55,0,0,0
"1.8.2025, 09:03:28",22.02,54.54,48.96,53.97,0.55,0,0,0
"1.8.2025, 09:03:32",22.01,54.96,48.89,53.99,0.56,0,0,0
"1.8.2025, 09:03:36",22.02,55.09,48.83,53.98,0.56,0,0,0
"1.8.2025, 09:03:40",22.01,55.26,48.76,53.99,0.56,0,0,0
"1.8.2025, 09:03:44",22.02,54.83,48.66,53.99,0.56,0,0,0
"1.8.2025, 09:03:48",22.02,54.38,48.55,53.99,0.55,0,0,0
"1.8.2025, 09:03:52",22.02,54.14,48.43,53.98,0.55,0,0,0
"1.8.2025, 09:03:56",22.02,54.21,48.39,53.97,0.55,0,0,0
"1.8.2025, 09:04:00",22.01,54.21,48.36,53.98,0.55,0,0,0
"1.8.2025, 09:04:04",22.01,54.49,48.4,53.99,0.55,0,0,0
"1.8.2025, 09:04:08",22.02,54.84,48.43,53.97,0.56,0,0,0
"1.8.2025, 09:04:12",22.01,54.59,48.3,54.01,0.55,0,0,0
"1.8.2025, 09:04:16",22.02,54.43,48.21,53.99,0.55,0,0,0
"1.8.2025, 09:04:21",22.01,54.4,48.07,54.01,0.55,0,0,0
"1.8.2025, 09:04:25",22.03,54.34,48.02,53.95,0.55,0,0,0
"1.8.2025, 09:04:29",22.02,54.02,48.01,53.99,0.55,0,0,0
"1.8.2025, 09:04:33",22.02,54.58,47.92,54,0.55,0,0,0
"1.8.2025, 09:04:37",22.01,53.94,47.88,54,0.55,0,0,0
"1.8.2025, 09:04:41",22.02,54.28,47.92,53.99,0.55,0,0,0
"1.8.2025, 09:04:45",22.02,54.36,47.79,53.96,0.55,0,0,0
"1.8.2025, 09:04:49",22.02,53.96,47.7,53.99,0.55,0,0,0
"1.8.2025, 09:04:53",22.02,54.06,47.5,53.99,0.55,0,0,0
"1.8.2025, 09:04:57",22.02,54.68,47.39,53.97,0.56,0,0,0
"1.8.2025, 09:05:01",22.02,54.04,47.44,53.98,0.55,0,0,0
"1.8.2025, 09:05:05",22.02,54.82,47.43,53.95,0.56,0,0,0
"1.8.2025, 09:05:09",22.02,54.65,47.49,53.99,0.56,0,0,0
"1.8.2025, 09:05:13",22.03,54.16,47.44,53.97,0.55,0,0,0
"1.8.2025, 09:05:17",22.03,54.11,47.48,53.98,0.55,0,0,0
"1.8.2025, 09:05:21",22.02,54.16,47.49,53.98,0.55,0,0,0
"1.8.2025, 09:05:25",22.02,54.03,47.5,53.98,0.55,0,0,0
"1.8.2025, 09:05:29",22.02,53.94,47.48,54,0.55,0,0,0
"1.8.2025, 09:05:33",22.03,54.03,47.46,53.97,0.55,0,0,0
"1.8.2025, 09:05:37",22.03,54.17,47.46,53.99,0.55,0,0,0
"1.8.2025, 09:05:41",22.03,53.88,47.41,53.95,0.55,0,0,0
"1.8.2025, 09:05:45",22.03,53.89,47.36,53.99,0.55,0,0,0
"1.8.2025, 09:05:49",22.04,54.07,47.33,53.93,0.55,0,0,0
"1.8.2025, 09:05:53",22.03,54.11,47.26,53.96,0.55,0,0,0
"1.8.2025, 09:05:57",22.03,54.19,47.11,53.96,0.55,0,0,0
"1.8.2025, 09:06:01",22.03,54.36,47.07,53.95,0.55,0,0,0
"1.8.2025, 09:06:05",22.03,53.84,46.97,53.95,0.55,0,0,0
"1.8.2025, 09:06:09",22.03,54.3,46.82,53.97,0.55,0,0,0
"1.8.2025, 09:06:13",22.04,53.8,46.86,53.94,0.55,0,0,0
"1.8.2025, 09:06:17",22.03,53.38,46.86,53.94,0.54,0,0,0
"1.8.2025, 09:06:21",22.03,53.28,46.82,53.97,0.54,0,0,0
"1.8.2025, 09:06:25",22.04,53.56,46.78,53.92,0.54,0,0,0
"1.8.2025, 09:06:29",22.04,53.83,46.59,53.96,0.55,0,0,0
"1.8.2025, 09:06:33",22.04,54.26,46.53,53.97,0.55,0,0,0
"1.8.2025, 09:06:37",22.04,54.3,46.47,53.96,0.55,0,0,0
"1.8.2025, 09:06:41",22.04,54.02,46.37,53.94,0.55,0,0,0
"1.8.2025, 09:06:45",22.04,53.38,46.3,53.96,0.54,0,0,0
"1.8.2025, 09:06:49",22.05,52.98,46.21,53.95,0.53,0,0,0
"1.8.2025, 09:06:53",22.04,52.94,46.15,53.95,0.53,0,0,0
"1.8.2025, 09:06:57",22.05,52.97,46.1,53.96,0.53,0,0,0
"1.8.2025, 09:07:01",22.04,52.77,45.99,53.96,0.53,0,0,0
"1.8.2025, 09:07:05",22.05,53.26,45.96,53.94,0.54,0,0,0
"1.8.2025, 09:07:09",22.04,53.03,45.95,53.95,0.54,0,0,0
"1.8.2025, 09:07:13",22.05,53.12,45.94,53.95,0.54,0,0,0
"1.8.2025, 09:07:17",22.05,53.17,45.91,53.94,0.54,0,0,0
"1.8.2025, 09:07:21",22.05,53,45.96,53.93,0.54,0,0,0
"1.8.2025, 09:07:25",22.05,53.09,45.85,53.95,0.54,0,0,0
"1.8.2025, 09:07:29",22.05,53.53,45.81,53.95,0.54,0,0,0
"1.8.2025, 09:07:33",22.05,53.33,45.78,53.96,0.54,0,0,0
"1.8.2025, 09:07:37",22.05,53.93,45.83,53.94,0.55,0,0,0
"1.8.2025, 09:07:41",22.06,53.41,45.86,53.91,0.54,0,0,0
"1.8.2025, 09:07:45",22.06,53.32,45.85,53.92,0.54,0,0,0
"1.8.2025, 09:07:49",22.07,53.29,45.88,53.91,0.54,0,0,0
"1.8.2025, 09:07:53",22.06,53.04,46.04,53.93,0.54,0,0,0
"1.8.2025, 09:07:57",22.07,53.69,46.1,53.91,0.54,0,0,0
"1.8.2025, 09:08:01",22.07,53.38,46.1,53.92,0.54,0,0,0
"1.8.2025, 09:08:05",22.07,53.47,46.08,53.92,0.54,0,0,0
"1.8.2025, 09:08:09",22.07,53.09,46.2,53.92,0.54,0,0,0
"1.8.2025, 09:08:13",22.07,52.95,46.2,53.93,0.53,0,0,0
"1.8.2025, 09:08:17",22.07,52.69,46.22,53.94,0.53,0,0,0
"1.8.2025, 09:08:21",22.08,52.93,46.25,53.92,0.53,0,0,0
"1.8.2025, 09:08:25",22.07,52.99,46.33,53.91,0.54,0,0,0
"1.8.2025, 09:08:29",22.08,52.79,46.47,53.89,0.53,0,0,0
"1.8.2025, 09:08:33",22.08,52.79,46.57,53.9,0.53,0,0,0
"1.8.2025, 09:08:37",22.08,52.96,46.66,53.92,0.53,0,0,0
"1.8.2025, 09:08:41",22.08,53.06,46.84,53.91,0.54,0,0,0
"1.8.2025, 09:08:45",22.09,53.13,47.02,53.92,0.54,0,0,0
"1.8.2025, 09:08:49",22.08,52.55,47.11,53.94,0.53,0,0,0
"1.8.2025, 09:08:53",22.1,52.78,47.23,53.9,0.53,0,0,0
"1.8.2025, 09:08:57",22.09,52.46,47.29,53.9,0.53,0,0,0
"1.8.2025, 09:09:01",22.09,53.32,47.42,53.89,0.54,0,0,0
"1.8.2025, 09:09:05",22.1,53.7,47.55,53.91,0.54,0,0,0
"1.8.2025, 09:09:09",22.1,53.23,47.59,53.9,0.54,0,0,0
"1.8.2025, 09:09:13",22.1,52.58,47.71,53.89,0.53,0,0,0
"1.8.2025, 09:09:17",22.11,52.56,47.77,53.88,0.53,0,0,0
"1.8.2025, 09:09:21",22.1,52.43,47.81,53.88,0.53,0,0,0
"1.8.2025, 09:09:25",22.1,52.96,47.95,53.9,0.53,0,0,0
"1.8.2025, 09:09:29",22.11,52.85,48.08,53.9,0.53,0,0,0
"1.8.2025, 09:09:33",22.11,52.79,48.2,53.89,0.53,0,0,0
"1.8.2025, 09:09:37",22.11,52.57,48.29,53.87,0.53,0,0,0
"1.8.2025, 09:09:41",22.11,52.53,48.46,53.88,0.53,0,0,0
"1.8.2025, 09:09:45",22.12,52.3,48.66,53.85,0.53,0,0,0
"1.8.2025, 09:09:49",22.11,52.45,48.8,53.87,0.53,0,0,0
"1.8.2025, 09:09:53",22.12,52.55,48.9,53.87,0.53,0,0,0
"1.8.2025, 09:09:57",22.12,52.3,48.98,53.88,0.53,0,0,0
"1.8.2025, 09:10:01",22.12,52.43,49.07,53.88,0.53,0,0,0
"1.8.2025, 09:10:05",22.13,52.37,49.2,53.85,0.53,0,0,0
"1.8.2025, 09:10:09",22.12,52.39,49.19,53.87,0.53,0,0,0
"1.8.2025, 09:10:13",22.13,52.25,49.17,53.85,0.53,0,0,0
"1.8.2025, 09:10:17",22.13,51.87,49.14,53.87,0.52,0,0,0
"1.8.2025, 09:10:21",22.13,52.04,49.13,53.86,0.52,0,0,0
"1.8.2025, 09:10:25",22.13,52.07,49.14,53.84,0.52,0,0,0
"1.8.2025, 09:10:29",22.14,52.25,49.11,53.85,0.53,0,0,0
"1.8.2025, 09:10:33",22.13,52.13,49.1,53.85,0.52,0,0,0
"1.8.2025, 09:10:37",22.14,52.5,49.04,53.84,0.53,0,0,0
"1.8.2025, 09:10:41",22.14,52.62,49.04,53.82,0.53,0,0,0
"1.8.2025, 09:10:45",22.14,52.53,49.01,53.82,0.53,0,0,0
"1.8.2025, 09:10:49",22.14,52.37,48.99,53.88,0.53,0,0,0
"1.8.2025, 09:10:53",22.15,52.29,48.97,53.81,0.53,0,0,0
"1.8.2025, 09:10:57",22.14,52.2,48.99,53.85,0.53,0,0,0
"1.8.2025, 09:11:01",22.15,52.06,49.15,53.81,0.52,0,0,0
"1.8.2025, 09:11:05",22.15,52.17,49.39,53.83,0.53,0,0,0
"1.8.2025, 09:11:09",22.15,52.49,49.51,53.83,0.53,0,0,0
"1.8.2025, 09:11:13",22.15,52.72,49.44,53.8,0.53,0,0,0
"1.8.2025, 09:11:17",22.16,52.53,49.36,53.79,0.53,0,0,0
"1.8.2025, 09:11:21",22.15,52.51,49.27,53.81,0.53,0,0,0
"1.8.2025, 09:11:25",22.15,52.65,49.29,53.81,0.53,0,0,0
"1.8.2025, 09:11:29",22.15,52.2,49.28,53.82,0.53,0,0,0
"1.8.2025, 09:11:33",22.16,52.27,49.2,53.76,0.53,0,0,0
"1.8.2025, 09:11:37",22.16,52.32,49.04,53.78,0.53,0,0,0
"1.8.2025, 09:11:41",22.17,52.33,48.94,53.75,0.53,0,0,0
"1.8.2025, 09:11:45",22.16,52.21,48.82,53.78,0.53,0,0,0
"1.8.2025, 09:11:49",22.16,51.65,48.7,53.81,0.52,0,0,0
"1.8.2025, 09:11:53",22.16,52.06,48.66,53.77,0.52,0,0,0
"1.8.2025, 09:11:57",22.17,52.25,48.53,53.74,0.53,0,0,0
"1.8.2025, 09:12:01",22.17,52.24,48.43,53.76,0.53,0,0,0
"1.8.2025, 09:12:05",22.17,52.29,48.32,53.75,0.53,0,0,0
"1.8.2025, 09:12:09",22.17,52.17,48.26,53.72,0.53,0,0,0
"1.8.2025, 09:12:13",22.17,51.64,48.21,53.73,0.52,0,0,0
"1.8.2025, 09:12:17",22.17,51.65,48.14,53.73,0.52,0,0,0
"1.8.2025, 09:12:21",22.17,51.65,48.05,53.74,0.52,0,0,0
"1.8.2025, 09:12:25",22.17,51.78,47.93,53.75,0.52,0,0,0
"1.8.2025, 09:12:29",22.17,52.13,47.79,53.72,0.52,0,0,0
"1.8.2025, 09:12:33",22.18,52.06,47.7,53.73,0.52,0,0,0
"1.8.2025, 09:12:38",22.18,51.88,47.6,53.7,0.52,0,0,0
"1.8.2025, 09:12:42",22.19,51.8,47.4,53.7,0.52,0,0,0
"1.8.2025, 09:12:46",22.18,51.9,47.25,53.71,0.52,0,0,0
"1.8.2025, 09:12:50",22.19,51.71,47.1,53.66,0.52,0,0,0
"1.8.2025, 09:12:54",22.18,51.77,47.02,53.68,0.52,0,0,0
"1.8.2025, 09:12:58",22.19,51.8,46.96,53.66,0.52,0,0,0
"1.8.2025, 09:13:02",22.19,52.25,46.72,53.68,0.53,0,0,0
"1.8.2025, 09:13:06",22.2,52.36,46.5,53.67,0.53,0,0,0
"1.8.2025, 09:13:10",22.2,52.52,46.42,53.67,0.53,0,0,0
"1.8.2025, 09:13:14",22.2,52.16,46.41,53.69,0.53,0,0,0
"1.8.2025, 09:13:18",22.2,51.75,46.46,53.69,0.52,0,0,0
"1.8.2025, 09:13:22",22.2,51.63,46.48,53.67,0.52,0,0,0
"1.8.2025, 09:13:26",22.2,52.08,46.41,53.64,0.52,0,0,0
"1.8.2025, 09:13:30",22.21,52,46.47,53.66,0.52,0,0,0
"1.8.2025, 09:13:34",22.21,51.94,46.55,53.65,0.52,0,0,0
"1.8.2025, 09:13:38",22.22,51.65,46.63,53.64,0.52,0,0,0
"1.8.2025, 09:13:42",22.21,51.62,46.56,53.65,0.52,0,0,0
"1.8.2025, 09:13:46",22.22,51.52,46.47,53.62,0.52,0,0,0
"1.8.2025, 09:13:50",22.22,51.81,46.46,53.64,0.52,0,0,0
"1.8.2025, 09:13:54",22.22,52.19,46.37,53.63,0.53,0,0,0
"1.8.2025, 09:13:58",22.22,52.06,46.42,53.63,0.52,0,0,0
"1.8.2025, 09:14:02",22.22,51.77,46.38,53.63,0.52,0,0,0
"1.8.2025, 09:14:06",22.23,51.68,46.39,53.62,0.52,0,0,0
"1.8.2025, 09:14:10",22.23,51.38,46.44,53.63,0.52,0,0,0
"1.8.2025, 09:14:14",22.23,51.37,46.48,53.6,0.52,0,0,0
"1.8.2025, 09:14:18",22.23,51.32,46.51,53.63,0.52,0,0,0
"1.8.2025, 09:14:22",22.23,51.05,46.6,53.61,0.51,0,0,0
"1.8.2025, 09:14:26",22.23,51.66,46.66,53.62,0.52,0,0,0
"1.8.2025, 09:14:30",22.24,51.98,46.68,53.6,0.52,0,0,0
"1.8.2025, 09:14:34",22.24,52.05,46.64,53.61,0.52,0,0,0
"1.8.2025, 09:14:38",22.24,51.21,46.64,53.58,0.51,0,0,0
"1.8.2025, 09:14:42",22.24,51.75,46.71,53.6,0.52,0,0,0
"1.8.2025, 09:14:46",22.24,51.34,46.68,53.61,0.52,0,0,0
"1.8.2025, 09:14:50",22.25,50.89,46.77,53.56,0.51,0,0,0
"1.8.2025, 09:14:54",22.24,51.6,46.77,53.57,0.52,0,0,0
"1.8.2025, 09:14:58",22.24,51.54,46.65,53.59,0.52,0,0,0
"1.8.2025, 09:15:02",22.25,51.37,46.59,53.57,0.52,0,0,0
"1.8.2025, 09:15:06",22.26,51.38,46.49,53.54,0.52,0,0,0
"1.8.2025, 09:15:10",22.25,52.25,46.33,53.58,0.53,0,0,0
"1.8.2025, 09:15:14",22.25,51.75,46.26,53.56,0.52,0,0,0
"1.8.2025, 09:15:18",22.24,51.73,46.17,53.58,0.52,0,0,0
"1.8.2025, 09:15:22",22.25,51.51,46.1,53.57,0.52,0,0,0
"1.8.2025, 09:15:26",22.25,51.55,45.94,53.56,0.52,0,0,0
"1.8.2025, 09:15:30",22.25,51.51,45.76,53.52,0.52,0,0,0
"1.8.2025, 09:15:34",22.25,52.04,45.58,53.55,0.52,0,0,0
"1.8.2025, 09:15:38",22.26,51.77,45.49,53.54,0.52,0,0,0
"1.8.2025, 09:15:42",22.26,51.42,45.44,53.52,0.52,0,0,0
"1.8.2025, 09:15:46",22.26,51.28,45.38,53.53,0.51,0,0,0
"1.8.2025, 09:15:50",22.26,51.4,45.19,53.5,0.52,0,0,0
"1.8.2025, 09:15:54",22.26,51.56,45.12,53.52,0.52,0,0,0
"1.8.2025, 09:15:58",22.26,51.45,45.01,53.51,0.52,0,0,0
"1.8.2025, 09:16:02",22.27,51.43,44.96,53.52,0.52,0,0,0
"1.8.2025, 09:16:06",22.26,50.95,44.86,53.54,0.51,0,0,0
"1.8.2025, 09:16:10",22.27,51.26,44.72,53.51,0.51,0,0,0
"1.8.2025, 09:16:14",22.27,51.54,44.57,53.47,0.52,0,0,0
"1.8.2025, 09:16:18",22.26,51.26,44.49,53.5,0.51,0,0,0
"1.8.2025, 09:16:22",22.27,50.89,44.45,53.48,0.51,0,0,0
"1.8.2025, 09:16:26",22.26,50.74,44.36,53.51,0.51,0,0,0
"1.8.2025, 09:16:30",22.27,51.41,44.39,53.49,0.52,0,0,0
"1.8.2025, 09:16:34",22.27,51.47,44.44,53.48,0.52,0,0,0
"1.8.2025, 09:16:38",22.28,51.38,44.45,53.45,0.52,0,0,0
"1.8.2025, 09:16:42",22.26,51.25,44.49,53.48,0.51,0,0,0
"1.8.2025, 09:16:46",22.28,51.74,44.62,53.45,0.52,0,0,0
"1.8.2025, 09:16:50",22.27,51.64,44.57,53.47,0.52,0,0,0
"1.8.2025, 09:16:54",22.27,51.26,44.65,53.48,0.51,0,0,0
"1.8.2025, 09:16:58",22.28,51.18,44.69,53.46,0.51,0,0,0
"1.8.2025, 09:17:02",22.28,50.95,44.69,53.42,0.51,0,0,0
"1.8.2025, 09:17:06",22.27,51.1,44.68,53.48,0.51,0,0,0
"1.8.2025, 09:17:10",22.28,50.48,44.75,53.46,0.51,0,0,0
"1.8.2025, 09:17:14",22.28,50.7,44.76,53.45,0.51,0,0,0
"1.8.2025, 09:17:18",22.28,50.7,44.77,53.44,0.51,0,0,0
"1.8.2025, 09:17:22",22.28,50.65,44.84,53.44,0.51,0,0,0
"1.8.2025, 09:17:26",22.28,50.36,44.86,53.45,0.5,0,0,0
"1.8.2025, 09:17:30",22.28,51.09,44.95,53.45,0.51,0,0,0
"1.8.2025, 09:17:34",22.29,51.61,45,53.42,0.52,0,0,0
"1.8.2025, 09:17:38",22.28,51.48,45.11,53.44,0.52,0,0,0
"1.8.2025, 09:17:42",22.28,51.87,45.2,53.43,0.52,0,0,0
"1.8.2025, 09:17:46",22.28,51.55,45.42,53.44,0.52,0,0,0
"1.8.2025, 09:17:50",22.28,51.37,45.61,53.44,0.52,0,0,0
"1.8.2025, 09:17:54",22.28,51.71,45.73,53.44,0.52,0,0,0
"1.8.2025, 09:17:58",22.28,51.71,45.84,53.43,0.52,0,0,0
"1.8.2025, 09:18:02",22.28,51.79,46.02,53.45,0.52,0,0,0
"1.8.2025, 09:18:06",22.27,51.78,46.21,53.46,0.52,0,0,0
"1.8.2025, 09:18:10",22.29,51.6,46.36,53.41,0.52,0,0,0
"1.8.2025, 09:18:14",22.28,51.33,46.56,53.45,0.52,0,0,0
"1.8.2025, 09:18:18",22.28,51.3,46.72,53.42,0.51,0,0,0
"1.8.2025, 09:18:22",22.29,51.77,46.82,53.39,0.52,0,0,0
"1.8.2025, 09:18:26",22.29,51.37,46.94,53.42,0.52,0,0,0
"1.8.2025, 09:18:30",22.28,51.41,47.02,53.42,0.52,0,0,0
"1.8.2025, 09:18:34",22.28,50.66,47.02,53.4,0.51,0,0,0
"1.8.2025, 09:18:38",22.28,50.77,47.04,53.42,0.51,0,0,0
"1.8.2025, 09:18:42",22.29,51.21,47.02,53.41,0.51,0,0,0
"1.8.2025, 09:18:46",22.28,51.39,46.93,53.42,0.52,0,0,0
"1.8.2025, 09:18:50",22.29,51.19,46.88,53.41,0.51,0,0,0
"1.8.2025, 09:18:54",22.28,51.21,46.8,53.42,0.51,0,0,0
"1.8.2025, 09:18:58",22.29,51.31,46.81,53.39,0.52,0,0,0
"1.8.2025, 09:19:02",22.29,51.15,46.8,53.39,0.51,0,0,0
"1.8.2025, 09:19:06",22.28,50.92,46.85,53.42,0.51,0,0,0
"1.8.2025, 09:19:10",22.29,51.19,46.94,53.4,0.51,0,0,0
"1.8.2025, 09:19:14",22.29,51.69,47.05,53.4,0.52,0,0,0
"1.8.2025, 09:19:18",22.29,51.62,47.23,53.41,0.52,0,0,0
"1.8.2025, 09:19:22",22.29,51.44,47.46,53.4,0.52,0,0,0
"1.8.2025, 09:19:26",22.29,51.32,47.75,53.38,0.52,0,0,0
"1.8.2025, 09:19:30",22.29,51.24,47.95,53.42,0.51,0,0,0
"1.8.2025, 09:19:34",22.3,51.48,48.07,53.41,0.52,0,0,0
"1.8.2025, 09:19:38",22.29,51.11,48.06,53.4,0.51,0,0,0
"1.8.2025, 09:19:42",22.29,51.46,48.13,53.39,0.52,0,0,0
"1.8.2025, 09:19:46",22.29,51.66,48.21,53.4,0.52,0,0,0
"1.8.2025, 09:19:50",22.29,51.79,48.42,53.38,0.52,0,0,0
"1.8.2025, 09:19:54",22.29,51.83,48.6,53.39,0.52,0,0,0
"1.8.2025, 09:19:58",22.3,51.91,48.77,53.35,0.52,0,0,0
"1.8.2025, 09:20:02",22.3,51.65,48.67,53.36,0.52,0,0,0
"1.8.2025, 09:20:06",22.29,51.13,48.7,53.37,0.51,0,0,0
"1.8.2025, 09:20:10",22.29,51.59,48.66,53.37,0.52,0,0,0
"1.8.2025, 09:20:14",22.3,52.06,48.63,53.38,0.52,0,0,0
"1.8.2025, 09:20:18",22.29,52,48.61,53.36,0.52,0,0,0
"1.8.2025, 09:20:22",22.29,51.41,48.5,53.38,0.52,0,0,0
"1.8.2025, 09:20:26",22.3,51.54,48.51,53.36,0.52,0,0,0
"1.8.2025, 09:20:30",22.3,51.75,48.39,53.38,0.52,0,0,0
"1.8.2025, 09:20:34",22.3,51.85,48.35,53.38,0.52,0,0,0
"1.8.2025, 09:20:38",22.31,51.92,48.35,53.35,0.52,0,0,0
"1.8.2025, 09:20:42",22.31,51.96,48.29,53.38,0.52,0,0,0
"1.8.2025, 09:20:46",22.3,52.38,48.36,53.39,0.53,0,0,0
"1.8.2025, 09:20:50",22.31,52.11,48.42,53.37,0.52,0,0,0
"1.8.2025, 09:20:54",22.31,51.56,48.43,53.37,0.52,0,0,0
"1.8.2025, 09:20:58",22.31,51.08,48.38,53.36,0.51,0,0,0
"1.8.2025, 09:21:02",22.32,51.13,48.35,53.33,0.51,0,0,0
"1.8.2025, 09:21:06",22.31,51.84,48.37,53.36,0.52,0,0,0
"1.8.2025, 09:21:10",22.32,51.88,48.28,53.36,0.52,0,0,0
"1.8.2025, 09:21:14",22.32,51.99,48.13,53.33,0.52,0,0,0
"1.8.2025, 09:21:18",22.32,51.71,47.99,53.38,0.52,0,0,0
"1.8.2025, 09:21:22",22.32,51.24,47.7,53.34,0.51,0,0,0
"1.8.2025, 09:21:26",22.32,51.54,47.49,53.33,0.52,0,0,0
"1.8.2025, 09:21:30",22.33,50.9,47.28,53.31,0.51,0,0,0
"1.8.2025, 09:21:34",22.32,50.83,47.18,53.34,0.51,0,0,0
"1.8.2025, 09:21:38",22.32,51.02,47.08,53.35,0.51,0,0,0
"1.8.2025, 09:21:42",22.33,51.06,47.1,53.3,0.51,0,0,0
"1.8.2025, 09:21:47",22.33,51.24,46.9,53.35,0.51,0,0,0
"1.8.2025, 09:21:51",22.34,51.52,46.64,53.3,0.52,0,0,0
"1.8.2025, 09:21:55",22.33,51.44,46.36,53.31,0.52,0,0,0
"1.8.2025, 09:21:59",22.33,51.82,46.16,53.29,0.52,0,0,0
"1.8.2025, 09:22:03",22.34,51.79,46.11,53.3,0.52,0,0,0
"1.8.2025, 09:22:07",22.34,51.51,46.01,53.3,0.52,0,0,0
"1.8.2025, 09:22:11",22.33,51.71,45.93,53.32,0.52,0,0,0
"1.8.2025, 09:22:15",22.34,51.77,45.77,53.28,0.52,0,0,0
"1.8.2025, 09:22:19",22.33,51.96,45.83,53.32,0.52,0,0,0
"1.8.2025, 09:22:23",22.34,51.86,45.84,53.28,0.52,0,0,0
"1.8.2025, 09:22:27",22.34,51.58,45.89,53.29,0.52,0,0,0
"1.8.2025, 09:22:31",22.35,51.04,46.12,53.29,0.51,0,0,0
"1.8.2025, 09:22:35",22.34,50.98,46.22,53.27,0.51,0,0,0
"1.8.2025, 09:22:39",22.35,51.61,46.41,53.27,0.52,0,0,0
"1.8.2025, 09:22:43",22.34,51.45,46.46,53.28,0.52,0,0,0
"1.8.2025, 09:22:47",22.34,51.11,46.54,53.31,0.51,0,0,0
"1.8.2025, 09:22:51",22.34,51.24,46.68,53.26,0.51,0,0,0
"1.8.2025, 09:22:55",22.34,51.05,46.69,53.28,0.51,0,0,0
"1.8.2025, 09:22:59",22.34,51.07,46.74,53.26,0.51,0,0,0
"1.8.2025, 09:23:03",22.35,51.36,46.83,53.25,0.52,0,0,0
"1.8.2025, 09:23:07",22.35,51.36,46.79,53.26,0.52,0,0,0
"1.8.2025, 09:23:11",22.35,51.59,46.79,53.27,0.52,0,0,0
"1.8.2025, 09:23:15",22.35,51.44,46.78,53.25,0.52,0,0,0
"1.8.2025, 09:23:19",22.35,52.04,46.98,53.28,0.52,0,0,0
"1.8.2025, 09:23:23",22.35,52.14,47.08,53.23,0.52,0,0,0
"1.8.2025, 09:23:27",22.35,51.81,47.04,53.26,0.52,0,0,0
"1.8.2025, 09:23:31",22.35,51.98,47.08,53.25,0.52,0,0,0
"1.8.2025, 09:23:35",22.34,51.56,47.29,53.28,0.52,0,0,0
"1.8.2025, 09:23:39",22.35,51.98,47.4,53.25,0.52,0,0,0
"1.8.2025, 09:23:43",22.34,51.48,47.42,53.26,0.52,0,0,0
"1.8.2025, 09:23:47",22.34,51.22,47.47,53.25,0.51,0,0,0
"1.8.2025, 09:23:51",22.34,51.48,47.53,53.26,0.52,0,0,0
"1.8.2025, 09:23:55",22.34,51.08,47.61,53.22,0.51,0,0,0
"1.8.2025, 09:23:59",22.35,51.26,47.71,53.22,0.51,0,0,0
"1.8.2025, 09:24:03",22.35,51.14,47.86,53.2,0.51,0,0,0
"1.8.2025, 09:24:07",22.35,50.77,47.9,53.24,0.51,0,0,0
"1.8.2025, 09:24:11",22.35,51.21,48.02,53.23,0.51,0,0,0
"1.8.2025, 09:24:15",22.35,51.36,48.05,53.23,0.52,0,0,0
"1.8.2025, 09:24:19",22.35,51.86,48.08,53.21,0.52,0,0,0
"1.8.2025, 09:24:23",22.35,51.97,48.1,53.21,0.52,0,0,0
"1.8.2025, 09:24:27",22.35,51.81,48.04,53.22,0.52,0,0,0
"1.8.2025, 09:24:31",22.35,51.86,47.95,53.21,0.52,0,0,0
"1.8.2025, 09:24:35",22.35,51.82,47.95,53.23,0.52,0,0,0
"1.8.2025, 09:24:39",22.35,51.44,47.88,53.21,0.52,0,0,0
"1.8.2025, 09:24:43",22.35,51.69,47.9,53.21,0.52,0,0,0
"1.8.2025, 09:24:47",22.36,51.77,47.95,53.2,0.52,0,0,0
"1.8.2025, 09:24:51",22.36,51.42,47.9,53.24,0.52,0,0,0
"1.8.2025, 09:24:55",22.36,51.27,48.07,53.21,0.51,0,0,0
"1.8.2025, 09:24:59",22.35,51.01,48.27,53.24,0.51,0,0,0
"1.8.2025, 09:25:03",22.36,51.13,48.3,53.21,0.51,0,0,0
"1.8.2025, 09:25:07",22.36,50.99,48.45,53.24,0.51,0,0,0
"1.8.2025, 09:25:11",22.36,51.05,48.58,53.21,0.51,0,0,0
"1.8.2025, 09:25:15",22.35,50.87,48.66,53.23,0.51,0,0,0
"1.8.2025, 09:25:19",22.36,50.81,48.51,53.22,0.51,0,0,0
"1.8.2025, 09:25:23",22.36,51.22,48.44,53.2,0.51,0,0,0
"1.8.2025, 09:25:27",22.36,51.37,48.51,53.18,0.52,0,0,0
"1.8.2025, 09:25:31",22.36,51.24,48.5,53.2,0.51,0,0,0
"1.8.2025, 09:25:35",22.36,51.19,48.41,53.18,0.51,0,0,0
"1.8.2025, 09:25:39",22.35,51.2,48.44,53.19,0.51,0,0,0
"1.8.2025, 09:25:43",22.36,50.98,48.44,53.18,0.51,0,0,0
"1.8.2025, 09:25:47",22.36,51.52,48.5,53.15,0.52,0,0,0
"1.8.2025, 09:25:51",22.36,51.6,48.54,53.17,0.52,0,0,0
"1.8.2025, 09:25:55",22.36,51.66,48.65,53.17,0.52,0,0,0
"1.8.2025, 09:25:59",22.37,51.56,48.75,53.12,0.52,0,0,0
"1.8.2025, 09:26:03",22.36,51.79,48.98,53.14,0.52,0,0,0
"1.8.2025, 09:26:07",22.36,51.72,49.39,53.14,0.52,0,0,0
"1.8.2025, 09:26:11",22.37,51.58,49.56,53.13,0.52,0,0,0
"1.8.2025, 09:26:15",22.36,50.96,49.83,53.13,0.51,0,0,0
"1.8.2025, 09:26:19",22.36,51.23,49.84,53.14,0.51,0,0,0
"1.8.2025, 09:26:23",22.36,50.79,49.85,53.13,0.51,0,0,0
"1.8.2025, 09:26:27",22.36,50.73,49.86,53.14,0.51,0,0,0
"1.8.2025, 09:26:31",22.37,50.7,49.83,53.12,0.51,0,0,0
"1.8.2025, 09:26:35",22.36,50.84,49.82,53.13,0.51,0,0,0
"1.8.2025, 09:26:39",22.36,51.17,49.77,53.12,0.51,0,0,0
"1.8.2025, 09:26:43",22.36,51.4,49.76,53.13,0.52,0,0,0
"1.8.2025, 09:26:47",22.37,50.98,49.71,53.11,0.51,0,0,0
"1.8.2025, 09:26:51",22.36,51.21,49.65,53.12,0.51,0,0,0
"1.8.2025, 09:26:55",22.37,51.36,49.58,53.08,0.52,0,0,0
"1.8.2025, 09:26:59",22.37,51.41,49.42,53.12,0.52,0,0,0
"1.8.2025, 09:27:03",22.36,51.51,49.42,53.12,0.52,0,0,0
"1.8.2025, 09:27:07",22.36,51.81,49.46,53.1,0.52,0,0,0
"1.8.2025, 09:27:11",22.36,51.52,49.44,53.11,0.52,0,0,0
"1.8.2025, 09:27:15",22.36,51.67,49.5,53.11,0.52,0,0,0
"1.8.2025, 09:27:19",22.36,51.54,49.57,53.11,0.52,0,0,0
"1.8.2025, 09:27:23",22.36,52.23,49.74,53.12,0.53,0,0,0
"1.8.2025, 09:27:27",22.36,51.62,49.88,53.13,0.52,0,0,0
"1.8.2025, 09:27:31",22.35,51.99,50.02,53.13,0.52,0,0,0
"1.8.2025, 09:27:35",22.36,51.49,50.05,53.11,0.52,0,0,0
"1.8.2025, 09:27:39",22.36,51.67,50.03,53.1,0.52,0,0,0
"1.8.2025, 09:27:43",22.36,51.94,50.08,53.13,0.52,0,0,0
"1.8.2025, 09:27:47",22.35,51.21,50.02,53.14,0.51,0,0,0
"1.8.2025, 09:27:51",22.36,51.63,50,53.11,0.52,0,0,0
"1.8.2025, 09:27:55",22.35,51.31,49.88,53.11,0.52,0,0,0
"1.8.2025, 09:27:59",22.36,51.85,49.69,53.09,0.52,0,0,0
"1.8.2025, 09:28:03",22.37,51.77,49.46,53.09,0.52,0,0,0
"1.8.2025, 09:28:07",22.36,51.95,49.23,53.11,0.52,0,0,0
"1.8.2025, 09:28:11",22.36,51.98,49.01,53.08,0.52,0,0,0
"1.8.2025, 09:28:15",22.36,52.17,48.9,53.1,0.53,0,0,0
"1.8.2025, 09:28:19",22.36,51.85,48.87,53.09,0.52,0,0,0
"1.8.2025, 09:28:23",22.36,52.15,48.84,53.1,0.52,0,0,0
"1.8.2025, 09:28:27",22.36,51.75,48.86,53.08,0.52,0,0,0
"1.8.2025, 09:28:31",22.37,51.64,48.83,53.08,0.52,0,0,0
"1.8.2025, 09:28:35",22.37,51.52,48.84,53.09,0.52,0,0,0
"1.8.2025, 09:28:39",22.36,51.48,48.9,53.1,0.52,0,0,0
"1.8.2025, 09:28:43",22.37,51.53,48.82,53.07,0.52,0,0,0
"1.8.2025, 09:28:47",22.37,51.33,48.78,53.07,0.52,0,0,0
"1.8.2025, 09:28:51",22.37,51.65,48.77,53.11,0.52,0,0,0
"1.8.2025, 09:28:55",22.37,51.69,48.7,53.07,0.52,0,0,0
"1.8.2025, 09:28:59",22.37,51.75,48.68,53.09,0.52,0,0,0
"1.8.2025, 09:29:03",22.37,51.72,48.67,53.09,0.52,0,0,0
"1.8.2025, 09:29:07",22.37,51.39,48.53,53.06,0.52,0,0,0
"1.8.2025, 09:29:11",22.37,51.54,48.49,53.08,0.52,0,0,0
"1.8.2025, 09:29:15",22.37,51.26,48.37,53.09,0.51,0,0,0
"1.8.2025, 09:29:19",22.36,51.31,48.32,53.11,0.52,0,0,0
"1.8.2025, 09:29:23",22.37,51.11,48.11,53.05,0.51,0,0,0
"1.8.2025, 09:29:27",22.36,50.81,48.09,53.11,0.51,0,0,0
"1.8.2025, 09:29:31",22.37,50.84,48.15,53.08,0.51,0,0,0
"1.8.2025, 09:29:35",22.37,51.08,48.37,53.07,0.51,0,0,0
"1.8.2025, 09:29:39",22.37,51.57,48.47,53.08,0.52,0,0,0
"1.8.2025, 09:29:43",22.36,51.36,48.45,53.1,0.52,0,0,0
"1.8.2025, 09:29:47",22.36,51.22,48.47,53.07,0.51,0,0,0
"1.8.2025, 09:29:51",22.37,51.21,48.65,53.06,0.51,0,0,0
"1.8.2025, 09:29:55",22.37,51.51,49.04,53.08,0.52,0,0,0
"1.8.2025, 09:29:59",22.37,51.33,49.04,53.07,0.52,0,0,0
"1.8.2025, 09:30:03",22.36,51.6,48.92,53.07,0.52,0,0,0
"1.8.2025, 09:30:07",22.37,51.75,48.74,53.05,0.52,0,0,0
"1.8.2025, 09:30:11",22.37,51.34,48.81,53.08,0.52,0,0,0
"1.8.2025, 09:30:15",22.37,51.22,48.75,53.04,0.51,0,0,0
"1.8.2025, 09:30:19",22.36,51.36,48.64,53.11,0.52,0,0,0
"1.8.2025, 09:30:23",22.37,51.31,48.57,53.05,0.52,0,0,0
"1.8.2025, 09:30:27",22.36,51.51,48.47,53.09,0.52,0,0,0
"1.8.2025, 09:30:31",22.36,51.73,48.53,53.11,0.52,0,0,0
"1.8.2025, 09:30:35",22.37,51.4,48.54,53.09,0.52,0,0,0
"1.8.2025, 09:30:40",22.36,51.49,48.46,53.08,0.52,0,0,0
"1.8.2025, 09:30:44",22.36,51.75,48.53,53.08,0.52,0,0,0
"1.8.2025, 09:30:48",22.36,51.5,48.57,53.1,0.52,0,0,0
"1.8.2025, 09:30:52",22.37,51.56,48.58,53.07,0.52,0,0,0
"1.8.2025, 09:30:56",22.36,51.35,48.58,53.08,0.52,0,0,0
"1.8.2025, 09:31:00",22.37,51.76,48.48,53.11,0.52,0,0,0
"1.8.2025, 09:31:04",22.37,51.18,48.4,53.08,0.51,0,0,0
"1.8.2025, 09:31:08",22.37,51.1,48.5,53.09,0.51,0,0,0
"1.8.2025, 09:31:12",22.37,51.51,48.52,53.09,0.52,0,0,0
"1.8.2025, 09:31:16",22.37,51.33,48.51,53.07,0.52,0,0,0
"1.8.2025, 09:31:20",22.36,51.34,48.45,53.12,0.52,0,0,0
"1.8.2025, 09:31:24",22.37,51.67,48.45,53.07,0.52,0,0,0
"1.8.2025, 09:31:28",22.37,51.59,48.29,53.09,0.52,0,0,0
"1.8.2025, 09:31:32",22.37,51.47,48.03,53.08,0.52,0,0,0
"1.8.2025, 09:31:36",22.37,51.37,47.73,53.08,0.52,0,0,0
"1.8.2025, 09:31:40",22.37,51.77,47.56,53.1,0.52,0,0,0
"1.8.2025, 09:31:44",22.37,52.04,47.4,53.04,0.52,0,0,0
"1.8.2025, 09:31:48",22.37,51.77,47.39,53.05,0.52,0,0,0
"1.8.2025, 09:31:52",22.37,51.43,47.07,53.07,0.52,0,0,0
"1.8.2025, 09:31:56",22.38,51.16,46.76,53.07,0.51,0,0,0
"1.8.2025, 09:32:00",22.37,51.25,46.67,53.03,0.51,0,0,0
"1.8.2025, 09:32:04",22.38,51.63,46.68,53.05,0.52,0,0,0
"1.8.2025, 09:32:08",22.38,51.64,46.7,53.03,0.52,0,0,0
"1.8.2025, 09:32:12",22.38,51.42,46.65,53.04,0.52,0,0,0
"1.8.2025, 09:32:16",22.38,51.64,46.65,53.02,0.52,0,0,0
"1.8.2025, 09:32:20",22.38,51.73,46.79,53.04,0.52,0,0,0
"1.8.2025, 09:32:24",22.37,51.79,46.83,53.08,0.52,0,0,0
"1.8.2025, 09:32:28",22.38,51.85,46.91,53.03,0.52,0,0,0
"1.8.2025, 09:32:32",22.37,51.8,46.98,53.05,0.52,0,0,0
"1.8.2025, 09:32:36",22.38,51.61,46.95,53.04,0.52,0,0,0
"1.8.2025, 09:32:40",22.38,52.07,46.97,53.03,0.52,0,0,0
"1.8.2025, 09:32:44",22.38,52.27,46.78,53.03,0.53,0,0,0
"1.8.2025, 09:32:48",22.38,52.01,46.78,53.01,0.52,0,0,0
"1.8.2025, 09:32:52",22.38,51.3,46.7,53.02,0.51,0,0,0
"1.8.2025, 09:32:56",22.38,52.04,46.71,53.02,0.52,0,0,0
"1.8.2025, 09:33:00",22.38,52.25,46.78,53.03,0.53,0,0,0
"1.8.2025, 09:33:04",22.38,51.89,46.82,53.04,0.52,0,0,0
"1.8.2025, 09:33:08",22.38,51.52,46.67,53.01,0.52,0,0,0
"1.8.2025, 09:33:12",22.38,51.66,46.68,53.02,0.52,0,0,0
"1.8.2025, 09:33:16",22.38,51.46,46.68,53.05,0.52,0,0,0
"1.8.2025, 09:33:20",22.39,51.53,46.58,52.98,0.52,0,0,0
"1.8.2025, 09:33:24",22.37,51.99,46.57,53.05,0.52,0,0,0
"1.8.2025, 09:33:28",22.39,52.01,46.52,53.04,0.52,0,0,0
"1.8.2025, 09:33:32",22.38,51.75,46.65,53.05,0.52,0,0,0
"1.8.2025, 09:33:36",22.39,52.03,46.7,53.06,0.52,0,0,0
"1.8.2025, 09:33:40",22.38,52.08,46.77,53.06,0.52,0,0,0
"1.8.2025, 09:33:44",22.39,51.87,46.89,53.01,0.52,0,0,0
"1.8.2025, 09:33:48",22.39,51.8,46.93,53.01,0.52,0,0,0
"1.8.2025, 09:33:52",22.39,51.75,47.01,53.01,0.52,0,0,0
"1.8.2025, 09:33:56",22.39,51.63,47.01,53.03,0.52,0,0,0
"1.8.2025, 09:34:00",22.39,51.4,47.1,53.04,0.52,0,0,0
"1.8.2025, 09:34:04",22.39,51.72,47.08,53.03,0.52,0,0,0
"1.8.2025, 09:34:08",22.4,51.77,47.04,53,0.52,0,0,0
"1.8.2025, 09:34:12",22.41,51.64,47.04,52.99,0.52,0,0,0
"1.8.2025, 09:34:16",22.4,52,47.16,53,0.52,0,0,0
"1.8.2025, 09:34:20",22.4,51.87,47.13,53.02,0.52,0,0,0
"1.8.2025, 09:34:24",22.4,51.79,47.12,53.01,0.52,0,0,0
"1.8.2025, 09:34:28",22.39,51.74,47.07,53.03,0.52,0,0,0
"1.8.2025, 09:34:32",22.4,51.54,46.95,53,0.52,0,0,0
"1.8.2025, 09:34:36",22.41,51.94,46.99,53,0.52,0,0,0
"1.8.2025, 09:34:40",22.41,51.48,47.1,52.98,0.52,0,0,0
"1.8.2025, 09:34:44",22.41,51.98,47.17,52.99,0.52,0,0,0
"1.8.2025, 09:34:48",22.41,52.25,47.15,52.97,0.53,0,0,0
"1.8.2025, 09:34:52",22.41,51.74,47.09,52.97,0.52,0,0,0
"1.8.2025, 09:34:56",22.41,51.44,47.08,53.01,0.52,0,0,0
"1.8.2025, 09:35:00",22.41,51.4,47.01,52.99,0.52,0,0,0
"1.8.2025, 09:35:04",22.42,51.24,46.87,52.98,0.51,0,0,0
"1.8.2025, 09:35:08",22.41,51.32,46.91,53.02,0.52,0,0,0
"1.8.2025, 09:35:12",22.42,51.92,46.77,53.01,0.52,0,0,0
"1.8.2025, 09:35:16",22.42,51.68,46.78,52.99,0.52,0,0,0
"1.8.2025, 09:35:20",22.42,51.69,46.79,53,0.52,0,0,0
"1.8.2025, 09:35:24",22.42,51.55,46.81,52.98,0.52,0,0,0
"1.8.2025, 09:35:28",22.42,51.83,46.93,53,0.52,0,0,0
"1.8.2025, 09:35:32",22.41,52.35,46.84,53,0.53,0,0,0
"1.8.2025, 09:35:36",22.42,51.77,46.85,52.99,0.52,0,0,0
"1.8.2025, 09:35:40",22.42,51.67,46.79,52.98,0.52,0,0,0
"1.8.2025, 09:35:44",22.43,52.06,46.59,53,0.52,0,0,0
"1.8.2025, 09:35:48",22.43,52.5,46.51,52.99,0.53,0,0,0
"1.8.2025, 09:35:52",22.43,52.39,46.33,52.96,0.53,0,0,0
"1.8.2025, 09:35:56",22.43,52.63,46.2,52.99,0.53,0,0,0
"1.8.2025, 09:36:00",22.43,51.95,46.1,52.97,0.52,0,0,0
"1.8.2025, 09:36:04",22.42,51.77,46.1,53.02,0.52,0,0,0
"1.8.2025, 09:36:08",22.43,51.79,46,52.98,0.52,0,0,0
"1.8.2025, 09:36:12",22.43,51.8,45.87,52.99,0.52,0,0,0
"1.8.2025, 09:36:16",22.43,51.73,45.73,53.02,0.52,0,0,0
"1.8.2025, 09:36:20",22.43,51.61,45.63,52.97,0.52,0,0,0
"1.8.2025, 09:36:24",22.44,51.69,45.61,52.96,0.52,0,0,0
"1.8.2025, 09:36:28",22.44,51.88,45.57,52.98,0.52,0,0,0
"1.8.2025, 09:36:32",22.44,52,45.64,52.98,0.52,0,0,0
"1.8.2025, 09:36:36",22.44,51.59,45.51,52.98,0.52,0,0,0
"1.8.2025, 09:36:40",22.44,51.49,45.43,52.97,0.52,0,0,0
"1.8.2025, 09:36:44",22.45,52.19,45.55,52.95,0.53,0,0,0
"1.8.2025, 09:36:48",22.45,51.89,45.58,52.96,0.52,0,0,0
"1.8.2025, 09:36:52",22.45,52.39,45.68,52.93,0.53,0,0,0
"1.8.2025, 09:36:56",22.45,52.33,45.68,53,0.53,0,0,0
"1.8.2025, 09:37:00",22.45,52.03,45.7,52.97,0.52,0,0,0
"1.8.2025, 09:37:04",22.45,52,45.82,52.95,0.52,0,0,0
"1.8.2025, 09:37:08",22.45,51.91,45.84,52.94,0.52,0,0,0
"1.8.2025, 09:37:12",22.45,52.17,45.93,52.95,0.53,0,0,0
"1.8.2025, 09:37:16",22.46,51.78,45.96,52.94,0.52,0,0,0
"1.8.2025, 09:37:20",22.46,51.82,46.03,52.94,0.52,0,0,0
"1.8.2025, 09:37:24",22.46,52.42,46.11,52.94,0.53,0,0,0
"1.8.2025, 09:37:28",22.46,52.49,46.05,52.94,0.53,0,0,0
"1.8.2025, 09:37:32",22.46,52.7,46.04,52.92,0.53,0,0,0
"1.8.2025, 09:37:36",22.46,51.99,46.07,52.93,0.52,0,0,0
"1.8.2025, 09:37:40",22.46,51.8,46.16,52.92,0.52,0,0,0
"1.8.2025, 09:37:44",22.46,51.67,46.24,52.93,0.52,0,0,0
"1.8.2025, 09:37:48",22.47,51.62,46.36,52.89,0.52,0,0,0
"1.8.2025, 09:37:52",22.47,51.7,46.52,52.89,0.52,0,0,0
"1.8.2025, 09:37:56",22.47,51.59,46.69,52.92,0.52,0,0,0
"1.8.2025, 09:38:00",22.47,51.59,46.82,52.9,0.52,0,0,0
"1.8.2025, 09:38:04",22.48,51.43,46.97,52.9,0.52,0,0,0
"1.8.2025, 09:38:08",22.47,51.39,47.1,52.91,0.52,0,0,0
"1.8.2025, 09:38:12",22.48,51.43,47.27,52.9,0.52,0,0,0
"1.8.2025, 09:38:16",22.48,51.46,47.36,52.9,0.52,0,0,0
"1.8.2025, 09:38:20",22.47,51.48,47.47,52.92,0.52,0,0,0
"1.8.2025, 09:38:24",22.48,51.77,47.58,52.92,0.52,0,0,0
"1.8.2025, 09:38:28",22.48,52.15,47.64,52.88,0.53,0,0,0
"1.8.2025, 09:38:32",22.49,52.1,47.75,52.87,0.52,0,0,0
"1.8.2025, 09:38:36",22.49,52.46,47.76,52.89,0.53,0,0,0
"1.8.2025, 09:38:40",22.5,52.3,47.78,52.84,0.53,0,0,0
"1.8.2025, 09:38:44",22.5,52.35,47.77,52.86,0.53,0,0,0
"1.8.2025, 09:38:48",22.5,52.88,47.82,52.88,0.53,0,0,0
"1.8.2025, 09:38:52",22.5,53.12,47.93,52.87,0.54,0,0,0
"1.8.2025, 09:38:56",22.51,52.22,48.03,52.84,0.53,0,0,0
"1.8.2025, 09:39:00",22.51,52.42,48.13,52.87,0.53,0,0,0
"1.8.2025, 09:39:04",22.51,52.32,48.22,52.84,0.53,0,0,0
"1.8.2025, 09:39:08",22.51,52.22,48.28,52.86,0.53,0,0,0
"1.8.2025, 09:39:12",22.52,52.56,48.31,52.85,0.53,0,0,0
"1.8.2025, 09:39:16",22.52,52.48,48.41,52.84,0.53,0,0,0
"1.8.2025, 09:39:20",22.52,52.64,48.44,52.86,0.53,0,0,0
"1.8.2025, 09:39:24",22.53,52.52,48.48,52.82,0.53,0,0,0
"1.8.2025, 09:39:28",22.52,52.36,48.56,52.83,0.53,0,0,0
"1.8.2025, 09:39:32",22.52,52.87,48.61,52.83,0.53,0,0,0
"1.8.2025, 09:39:36",22.52,52.61,48.63,52.8,0.53,0,0,0
"1.8.2025, 09:39:40",22.53,52.5,48.61,52.82,0.53,0,0,0
"1.8.2025, 09:39:44",22.53,52.23,48.68,52.82,0.53,0,0,0
"1.8.2025, 09:39:48",22.53,52.31,48.63,52.81,0.53,0,0,0
"1.8.2025, 09:39:52",22.53,52.2,48.61,52.8,0.53,0,0,0
"1.8.2025, 09:39:56",22.53,52.98,48.63,52.81,0.54,0,0,0
"1.8.2025, 09:40:00",22.53,52.59,48.56,52.78,0.53,0,0,0
"1.8.2025, 09:40:04",22.54,52.16,48.57,52.76,0.53,0,0,0
"1.8.2025, 09:40:08",22.53,52.1,48.61,52.8,0.52,0,0,0
"1.8.2025, 09:40:12",22.54,52.04,48.53,52.76,0.52,0,0,0
"1.8.2025, 09:40:16",22.54,52.01,48.55,52.77,0.52,0,0,0
"1.8.2025, 09:40:20",22.55,52.67,48.49,52.77,0.53,0,0,0
"1.8.2025, 09:40:24",22.55,52.59,48.44,52.76,0.53,0,0,0
"1.8.2025, 09:40:28",22.55,52.76,48.43,52.76,0.53,0,0,0
"1.8.2025, 09:40:32",22.54,52.24,48.32,52.77,0.53,0,0,0
"1.8.2025, 09:40:36",22.55,52.29,48.35,52.74,0.53,0,0,0
"1.8.2025, 09:40:40",22.54,52.25,48.32,52.77,0.53,0,0,0
"1.8.2025, 09:40:44",22.55,52.19,48.26,52.75,0.53,0,0,0
"1.8.2025, 09:40:48",22.55,52.25,48.24,52.77,0.53,0,0,0
"1.8.2025, 09:40:53",22.55,52.69,48.13,52.74,0.53,0,0,0
"1.8.2025, 09:40:57",22.55,52.46,48.05,52.75,0.53,0,0,0
"1.8.2025, 09:41:01",22.54,52.37,48,52.76,0.53,0,0,0
"1.8.2025, 09:41:05",22.55,52.38,47.91,52.73,0.53,0,0,0
"1.8.2025, 09:41:09",22.55,52.5,47.84,52.73,0.53,0,0,0
"1.8.2025, 09:41:13",22.55,52.55,47.81,52.73,0.53,0,0,0
"1.8.2025, 09:41:17",22.55,52.58,47.79,52.72,0.53,0,0,0
"1.8.2025, 09:41:21",22.55,52.36,47.76,52.77,0.53,0,0,0
"1.8.2025, 09:41:25",22.55,52.14,47.79,52.77,0.52,0,0,0
"1.8.2025, 09:41:29",22.54,52.46,47.85,52.76,0.53,0,0,0
"1.8.2025, 09:41:33",22.55,52.17,47.78,52.74,0.53,0,0,0
"1.8.2025, 09:41:37",22.55,52.4,47.77,52.74,0.53,0,0,0
"1.8.2025, 09:41:41",22.54,52.33,47.71,52.75,0.53,0,0,0
"1.8.2025, 09:41:45",22.54,52.65,47.7,52.75,0.53,0,0,0
"1.8.2025, 09:41:49",22.55,52.5,47.7,52.74,0.53,0,0,0
"1.8.2025, 09:41:53",22.55,52.48,47.67,52.72,0.53,0,0,0
"1.8.2025, 09:41:57",22.54,52.52,47.66,52.75,0.53,0,0,0
"1.8.2025, 09:42:01",22.54,52.19,47.68,52.73,0.53,0,0,0
"1.8.2025, 09:42:05",22.54,52.2,47.64,52.73,0.53,0,0,0
"1.8.2025, 09:42:09",22.54,52.01,47.62,52.72,0.52,0,0,0
"1.8.2025, 09:42:13",22.54,52.16,47.72,52.72,0.53,0,0,0
"1.8.2025, 09:42:17",22.53,52.42,47.72,52.77,0.53,0,0,0
"1.8.2025, 09:42:21",22.54,52.19,47.8,52.74,0.53,0,0,0
"1.8.2025, 09:42:25",22.53,52.06,47.98,52.73,0.52,0,0,0
"1.8.2025, 09:42:29",22.54,52.14,48.08,52.7,0.52,0,0,0
"1.8.2025, 09:42:33",22.53,52.22,48.07,52.75,0.53,0,0,0
"1.8.2025, 09:42:37",22.53,52.25,48.15,52.75,0.53,0,0,0
"1.8.2025, 09:42:41",22.52,52.36,48.18,52.75,0.53,0,0,0
"1.8.2025, 09:42:45",22.53,52.13,48.21,52.74,0.52,0,0,0
"1.8.2025, 09:42:49",22.52,52.43,48.19,52.79,0.53,0,0,0
"1.8.2025, 09:42:53",22.53,52.27,48.49,52.73,0.53,0,0,0
"1.8.2025, 09:42:57",22.53,52.22,48.6,52.75,0.53,0,0,0
"1.8.2025, 09:43:01",22.52,52.11,48.59,52.77,0.52,0,0,0
"1.8.2025, 09:43:05",22.52,52.02,48.58,52.77,0.52,0,0,0
"1.8.2025, 09:43:09",22.52,52.22,48.6,52.77,0.53,0,0,0
"1.8.2025, 09:43:13",22.51,52.05,48.51,52.76,0.52,0,0,0
"1.8.2025, 09:43:17",22.52,52.04,48.47,52.76,0.52,0,0,0
"1.8.2025, 09:43:21",22.52,51.87,48.43,52.73,0.52,0,0,0
"1.8.2025, 09:43:25",22.52,52.05,48.36,52.75,0.52,0,0,0
"1.8.2025, 09:43:29",22.51,52.07,48.21,52.77,0.52,0,0,0
"1.8.2025, 09:43:33",22.5,51.9,48.21,52.78,0.52,0,0,0
"1.8.2025, 09:43:37",22.51,51.93,48.23,52.78,0.52,0,0,0
"1.8.2025, 09:43:41",22.51,52.37,48.29,52.77,0.53,0,0,0
"1.8.2025, 09:43:45",22.5,52.27,48.24,52.8,0.53,0,0,0
"1.8.2025, 09:43:49",22.5,52.21,48.24,52.79,0.53,0,0,0
"1.8.2025, 09:43:53",22.5,52.21,48.19,52.78,0.53,0,0,0
"1.8.2025, 09:43:57",22.5,52.33,48.1,52.78,0.53,0,0,0
"1.8.2025, 09:44:01",22.5,52.49,48.01,52.77,0.53,0,0,0
"1.8.2025, 09:44:05",22.49,52.08,47.97,52.8,0.52,0,0,0
"1.8.2025, 09:44:09",22.49,51.87,47.91,52.81,0.52,0,0,0
"1.8.2025, 09:44:13",22.49,51.96,47.71,52.8,0.52,0,0,0
"1.8.2025, 09:44:17",22.49,52.07,47.55,52.79,0.52,0,0,0
"1.8.2025, 09:44:21",22.49,51.94,47.41,52.79,0.52,0,0,0
"1.8.2025, 09:44:25",22.49,52.33,47.15,52.78,0.53,0,0,0
"1.8.2025, 09:44:29",22.48,52.02,47.04,52.8,0.52,0,0,0
"1.8.2025, 09:44:33",22.49,52.16,47.04,52.8,0.53,0,0,0
"1.8.2025, 09:44:37",22.49,52.88,46.86,52.78,0.53,0,0,0
"1.8.2025, 09:44:41",22.49,52.41,46.81,52.79,0.53,0,0,0
"1.8.2025, 09:44:45",22.48,52.52,46.73,52.79,0.53,0,0,0
"1.8.2025, 09:44:49",22.48,52.53,46.6,52.81,0.53,0,0,0
"1.8.2025, 09:44:53",22.48,52.37,46.31,52.83,0.53,0,0,0
"1.8.2025, 09:44:57",22.48,52.19,46.24,52.82,0.53,0,0,0
"1.8.2025, 09:45:01",22.48,52.38,46.15,52.8,0.53,0,0,0